,date,pm25,pm10,o3,no2,so2,co
1,6/20/2020,66,21,35,9,3,3
2,6/21/2020,25,18,32,9,3,2
3,6/22/2020,22,24,95,9,5,2
4,6/23/2020,25,30,34,9,6,3
5,6/24/2020,32,38,21,9,5,4
6,6/25/2020,57,21,35,9,5,2
7,6/26/2020,26,45,45,9,4,2
8,6/27/2020,66,45,34,9,4,2
9,6/28/2020,66,45,33,9,4,2
10,6/29/2020,66,45,43,9,3,2
11,6/30/2020,66,45,16,9,5,3
12,7/1/2020,59,40,23,15,5,3
13,7/2/2020,59,40,22,15,4,2
14,7/3/2020,59,40,19,15,4,2
15,7/4/2020,59,40,22,15,4,2
16,7/5/2020,59,40,22,15,5,2
17,7/6/2020,59,40,24,15,4,2
18,7/7/2020,59,40,29,15,4,2
19,7/8/2020,59,40,38,15,4,3
20,7/9/2020,59,40,23,15,5,3
21,7/10/2020,59,40,19,15,8,4
22,7/11/2020,59,40,17,15,5,4
23,7/12/2020,59,40,27,15,5,3
24,7/13/2020,59,40,34,15,5,3
25,7/14/2020,59,40,102,15,4,2
26,7/15/2020,59,40,26,15,4,2
27,7/16/2020,59,40,26,15,4,2
28,7/17/2020,59,40,26,15,4,3
29,7/18/2020,59,40,26,15,4,3
30,7/19/2020,59,40,26,15,5,3
31,7/20/2020,59,40,26,15,6,2
32,7/21/2020,59,40,26,15,6,2
33,7/22/2020,59,40,26,15,6,2
34,7/23/2020,59,40,26,15,5,2
35,7/24/2020,59,40,26,15,5,2
36,7/25/2020,59,40,26,15,4,2
37,7/26/2020,59,40,26,15,8,4
38,7/27/2020,59,40,26,15,6,4
39,7/28/2020,59,40,26,15,7,4
40,7/29/2020,59,40,24,15,6,3
41,7/30/2020,59,40,44,15,5,3
42,7/31/2020,59,40,27,15,6,3
43,8/1/2020,59,40,13,15,6,2
44,8/2/2020,59,40,10,15,8,3
45,8/3/2020,59,40,8,15,8,3
46,8/4/2020,59,40,7,15,7,3
47,8/5/2020,59,40,8,15,8,3
48,8/6/2020,59,40,5,15,8,3
49,8/7/2020,59,40,7,15,7,3
50,8/8/2020,59,40,15,15,6,2
51,8/9/2020,59,40,24,15,5,3
52,8/10/2020,59,40,38,15,7,3
53,8/11/2020,59,40,41,15,5,3
54,8/12/2020,59,40,21,15,6,2
55,8/13/2020,59,40,18,15,9,3
56,8/14/2020,59,40,6,15,11,4
57,8/15/2020,59,40,3,15,8,3
58,8/16/2020,59,40,11,15,9,3
59,8/17/2020,59,40,6,15,9,3
60,8/18/2020,59,40,9,15,10,3
61,8/19/2020,59,40,17,15,8,4
62,8/20/2020,59,40,28,15,9,3
63,8/21/2020,59,40,20,15,7,3
64,8/22/2020,59,40,30,15,8,3
65,8/23/2020,59,40,32,15,6,3
66,8/24/2020,59,40,56,15,7,3
67,8/25/2020,59,40,26,15,7,3
68,8/26/2020,59,40,35,15,6,3
69,8/27/2020,59,40,26,15,6,3
70,8/28/2020,59,40,26,15,6,3
71,8/29/2020,59,40,9,15,8,3
72,8/30/2020,59,40,68,15,7,3
73,8/31/2020,59,40,41,15,7,3
74,9/1/2020,59,40,65,15,6,4
75,9/2/2020,59,40,55,15,6,5
76,9/3/2020,59,40,64,15,7,4
77,9/4/2020,59,40,24,15,7,3
78,9/5/2020,59,40,29,15,6,3
79,9/6/2020,59,40,30,15,7,3
80,9/7/2020,59,40,11,15,10,4
81,9/8/2020,59,40,23,15,9,3
82,9/9/2020,59,40,18,15,9,3
83,9/10/2020,59,40,16,15,8,3
84,9/11/2020,59,40,14,15,7,3
85,9/12/2020,59,40,15,15,7,3
86,9/13/2020,59,40,12,15,9,3
87,9/14/2020,59,40,13,15,8,3
88,9/15/2020,59,40,22,15,8,3
89,9/16/2020,59,40,12,15,12,3
90,9/17/2020,59,40,18,15,7,3
91,9/18/2020,59,40,12,15,9,3
92,9/19/2020,59,40,9,15,11,4
93,9/20/2020,59,40,4,15,9,4
94,9/21/2020,59,40,17,15,9,3
95,9/22/2020,59,40,8,15,9,3
96,9/23/2020,59,40,7,15,9,3
97,9/24/2020,59,40,18,15,9,4
98,9/25/2020,59,40,26,15,9,3
99,9/26/2020,59,40,24,15,9,4
100,9/27/2020,59,40,9,15,10,4
101,9/28/2020,59,40,22,15,9,4
102,9/29/2020,59,40,33,15,10,3
103,9/30/2020,59,40,27,15,10,4
104,10/1/2020,111,66,18,11,9,4
105,10/2/2020,111,66,19,11,9,4
106,10/3/2020,111,66,9,11,8,3
107,10/4/2020,111,66,13,11,8,3
108,10/5/2020,111,66,13,11,11,3
109,10/6/2020,111,66,15,11,8,3
110,10/7/2020,111,66,16,11,10,3
111,10/8/2020,111,66,15,11,11,3
112,10/9/2020,111,66,13,11,11,3
113,10/10/2020,111,66,17,11,11,3
114,10/11/2020,111,66,21,11,11,4
115,10/12/2020,111,66,25,11,12,4
116,10/13/2020,111,66,28,11,10,4
117,10/14/2020,111,66,15,11,9,3
118,10/18/2020,111,66,7,11,12,3
119,10/19/2020,111,66,7,11,12,3
120,10/20/2020,111,66,15,11,10,3
121,10/21/2020,111,66,21,11,9,4
122,10/22/2020,111,66,31,11,11,5
123,10/23/2020,111,66,31,11,12,6
124,10/24/2020,111,66,44,11,11,6
125,10/25/2020,111,66,26,11,12,5
126,10/26/2020,111,66,20,11,11,4
127,10/27/2020,111,66,25,11,10,4
128,10/28/2020,111,66,20,11,11,3
129,10/29/2020,111,66,21,11,11,3
130,10/30/2020,111,66,13,11,12,4
131,10/31/2020,111,66,10,11,12,5
132,11/1/2020,111,66,41,11,12,6
133,11/2/2020,111,66,14,11,12,4
134,11/3/2020,111,66,14,11,12,4
135,11/4/2020,111,66,25,11,11,5
136,11/5/2020,111,66,39,11,13,6
137,11/6/2020,111,66,23,11,12,7
138,11/7/2020,111,66,20,11,9,6
139,11/8/2020,111,66,29,11,10,6
140,11/9/2020,111,66,35,11,10,6
141,11/10/2020,111,66,18,11,11,6
142,11/11/2020,111,66,18,11,14,5
143,11/12/2020,111,66,18,11,10,6
144,11/13/2020,111,66,40,11,10,6
145,11/14/2020,111,66,39,11,10,5
146,11/15/2020,111,66,28,11,7,3
147,11/16/2020,111,66,8,11,8,3
148,11/17/2020,111,31,9,6,12,4
149,11/18/2020,37,46,5,8,7,2
150,11/19/2020,64,42,3,5,2,2
151,11/20/2020,56,30,3,3,1,2
152,11/21/2020,40,45,2,7,1,1
153,11/22/2020,59,46,2,6,4,2
154,11/23/2020,60,55,18,9,3,2
155,11/24/2020,87,63,18,9,5,3
156,11/25/2020,103,63,2,8,4,3
157,11/26/2020,102,59,2,10,4,3
158,11/27/2020,98,66,2,11,3,3
159,11/29/2020,111,44,18,11,11,4
160,11/30/2020,63,52,18,11,11,4
161,12/1/2020,82,66,18,11,11,4
162,12/2/2020,111,59,18,5,11,4
163,12/3/2020,88,54,20,3,1,3
164,12/4/2020,78,37,27,1,4,5
165,12/5/2020,53,63,26,1,2,4
166,12/6/2020,112,61,41,9,4,7
167,12/7/2020,110,55,39,16,5,5
168,12/8/2020,92,76,30,21,4,4
169,12/9/2020,136,74,47,23,5,6
170,12/10/2020,133,87,53,18,9,6
171,12/11/2020,157,59,39,16,7,6
172,12/12/2020,105,66,48,11,8,4
173,12/14/2020,111,17,18,9,11,4
174,12/15/2020,23,17,10,6,2,3
175,12/16/2020,20,19,13,6,1,2
176,12/17/2020,25,22,14,7,1,2
177,12/18/2020,30,34,14,6,1,2
178,12/19/2020,49,66,23,11,2,2
179,12/20/2020,111,61,18,19,11,4
180,12/21/2020,103,71,33,18,4,3
181,12/22/2020,126,78,40,19,7,4
182,12/23/2020,142,58,30,15,10,4
183,12/24/2020,99,93,31,23,4,5
184,12/25/2020,164,78,35,21,9,6
185,12/26/2020,148,68,20,20,9,5
186,12/27/2020,137,51,8,11,4,6
187,12/28/2020,90,40,19,10,3,3
188,12/29/2020,63,44,28,10,2,2
189,12/30/2020,53,45,23,12,2,4
190,12/31/2020,70,66,34,15,3,4
191,1/1/2021,112,100,41,17,4,5
192,1/2/2021,174,86,47,17,5,6
193,1/3/2021,160,89,38,26,9,5
194,1/4/2021,164,100,33,21,8,6
195,1/5/2021,178,80,26,14,4,5
196,1/6/2021,154,65,17,11,4,5
197,1/7/2021,119,26,16,6,2,3
198,1/8/2021,23,36,20,8,3,2
199,1/9/2021,52,47,24,9,3,2
200,1/10/2021,69,58,25,11,3,4
201,1/11/2021,85,65,31,14,3,3
202,1/12/2021,98,94,48,19,6,4
203,1/13/2021,161,93,63,21,7,4
204,1/14/2021,167,116,24,24,5,5
205,1/15/2021,199,111,14,27,8,5
206,1/16/2021,193,69,21,13,4,3
207,1/17/2021,123,56,40,12,3,4
208,1/18/2021,92,82,57,16,5,4
209,1/19/2021,149,107,16,25,11,5
210,1/20/2021,180,121,17,25,4,6
211,1/21/2021,205,106,25,20,4,6
212,1/22/2021,187,97,29,21,5,6
213,1/23/2021,176,75,41,10,4,6
214,1/24/2021,145,60,20,11,2,5
215,1/25/2021,108,56,29,10,3,4
216,1/26/2021,85,52,34,7,3,3
217,1/27/2021,75,43,13,15,3,3
218,1/28/2021,61,61,33,15,4,5
219,1/29/2021,104,86,21,23,7,6
220,1/30/2021,157,89,10,22,3,5
221,1/31/2021,165,64,22,16,4,3
222,2/1/2021,109,59,19,12,2,3
223,2/2/2021,86,56,28,9,4,2
224,2/3/2021,81,61,26,14,4,3
225,2/4/2021,105,67,34,13,3,3
226,2/5/2021,114,58,35,9,3,2
227,2/6/2021,94,65,34,12,4,3
228,2/7/2021,112,64,16,9,3,3
229,2/8/2021,113,9,17,5,2,2
230,2/9/2021,17,38,32,7,2,5
231,2/10/2021,69,38,33,5,2,4
232,2/11/2021,64,38,36,5,2,3
233,2/12/2021,64,35,37,4,3,2
234,2/13/2021,57,38,40,4,2,2
235,2/14/2021,63,38,26,4,2,2
236,2/15/2021,62,42,18,9,3,3
237,2/16/2021,76,34,17,7,2,2
238,2/17/2021,56,54,34,11,4,3
239,2/18/2021,98,66,41,21,6,4
240,2/19/2021,126,62,77,10,5,3
241,2/20/2021,117,51,43,6,4,2
242,2/21/2021,80,42,31,7,3,1
243,2/22/2021,65,41,37,5,3,1
244,2/23/2021,64,36,25,4,3,1
245,2/24/2021,50,28,21,4,2,1
246,2/25/2021,44,31,25,2,2,1
247,2/26/2021,47,36,8,12,3,2
248,2/27/2021,57,22,3,12,2,3
249,2/28/2021,41,25,1,12,2,5
250,3/1/2021,44,26,10,8,2,3
251,3/2/2021,38,48,11,11,4,4
252,3/3/2021,81,31,7,12,2,4
253,3/4/2021,51,35,6,9,2,5
254,3/5/2021,60,37,22,9,2,4
255,3/6/2021,61,44,27,9,3,3
256,3/7/2021,67,54,16,18,3,3
257,3/8/2021,90,32,14,18,3,1
258,3/9/2021,47,30,15,19,3,1
259,3/10/2021,43,42,15,23,4,2
260,3/11/2021,54,51,25,16,3,2
261,3/12/2021,63,48,18,19,4,2
262,3/13/2021,75,51,29,16,4,2
263,3/14/2021,80,39,22,15,3,1
264,3/15/2021,54,33,17,18,3,2
265,3/16/2021,49,34,17,15,3,1
266,3/17/2021,50,37,13,17,3,2
267,3/18/2021,51,32,12,16,3,1
268,3/19/2021,43,26,9,17,3,1
269,3/20/2021,37,21,18,17,3,2
270,3/21/2021,28,43,18,18,3,2
271,3/22/2021,49,78,30,19,5,2
272,3/23/2021,99,81,23,25,11,4
273,3/24/2021,127,67,14,33,7,5
274,3/25/2021,130,42,13,21,3,3
275,3/26/2021,72,22,13,17,3,2
276,3/27/2021,32,28,8,16,3,2
277,3/28/2021,33,45,19,17,3,2
278,3/29/2021,67,39,16,16,3,2
279,3/30/2021,60,43,15,18,3,2
280,3/31/2021,65,32,14,15,3,1
281,4/1/2021,48,22,9,17,3,1
282,4/2/2021,34,27,7,20,3,2
283,4/3/2021,41,48,10,22,4,3
284,4/4/2021,78,37,10,21,4,3
285,4/5/2021,54,51,27,19,4,2
286,4/6/2021,73,43,27,17,3,2
287,4/7/2021,55,32,21,16,3,2
288,4/8/2021,45,23,11,17,3,2
289,4/9/2021,31,31,10,17,3,3
290,4/10/2021,42,38,19,20,4,3
291,4/11/2021,58,32,19,15,4,1
292,4/12/2021,35,31,14,17,4,1
293,4/13/2021,38,24,16,15,3,1
294,4/14/2021,31,25,11,17,3,1
295,4/15/2021,33,32,15,18,3,1
296,4/16/2021,40,17,10,18,4,2
297,4/17/2021,22,23,11,17,4,3
298,4/18/2021,31,35,27,17,5,3
299,4/19/2021,46,27,21,14,3,1
300,4/20/2021,31,25,21,13,3,1
301,4/21/2021,29,24,20,14,3,1
302,4/22/2021,27,19,11,14,3,1
303,4/23/2021,24,23,19,14,3,1
304,4/24/2021,29,25,12,19,3,2
305,4/25/2021,37,22,23,21,4,3
306,4/26/2021,28,28,23,16,5,3
307,4/27/2021,35,32,12,13,4,3
308,4/28/2021,44,26,39,13,5,2
309,4/29/2021,37,45,19,9,6,2
310,5/2/2021,66,39,14,11,4,1
311,5/3/2021,43,37,32,12,4,1
312,5/4/2021,42,29,23,17,4,1
313,5/5/2021,37,52,59,16,5,2
314,5/6/2021,77,39,20,13,5,1
315,5/7/2021,51,41,22,14,5,1
316,5/8/2021,58,34,21,11,4,1
317,5/9/2021,45,44,31,11,4,1
318,5/10/2021,59,52,39,13,3,3
319,5/11/2021,80,48,33,12,1,1
320,5/12/2021,70,33,22,15,1,1
321,5/13/2021,39,45,27,13,1,1
322,5/14/2021,57,38,25,9,1,1
323,5/15/2021,48,38,27,9,1,1
324,5/16/2021,53,31,21,10,1,1
325,5/17/2021,39,38,18,10,1,1
326,5/18/2021,39,37,29,10,1,1
327,5/19/2021,48,42,38,10,1,1
328,5/20/2021,59,38,31,11,1,1
329,5/21/2021,52,39,33,9,1,1
330,5/22/2021,52,32,28,9,1,1
331,5/23/2021,43,28,17,11,2,1
332,5/24/2021,33,21,21,12,2,2
333,5/25/2021,31,37,25,12,1,2
334,5/26/2021,57,25,22,11,1,1
335,5/27/2021,33,42,27,13,1,1
336,5/28/2021,54,38,36,10,1,1
337,5/29/2021,55,44,44,11,1,1
338,5/30/2021,72,52,40,14,1,2
339,5/31/2021,81,48,29,12,1,1
340,6/1/2021,79,64,56,12,1,2
341,6/2/2021,114,51,20,11,1,1
342,6/3/2021,88,43,23,14,2,1
343,6/4/2021,74,64,34,16,4,3
344,6/5/2021,107,117,74,15,2,3
345,6/6/2021,210,60,34,14,3,2
346,6/7/2021,101,39,32,13,2,1
347,6/8/2021,62,35,30,13,2,1
348,6/9/2021,55,31,19,14,2,1
349,6/10/2021,37,32,22,15,2,1
350,6/11/2021,50,46,24,13,2,2
351,6/12/2021,76,17,14,12,2,1
352,6/13/2021,21,38,25,12,2,1
353,6/14/2021,38,37,29,13,2,1
354,6/15/2021,51,41,31,13,2,1
355,6/16/2021,55,31,42,12,2,1
356,6/17/2021,44,37,39,13,2,1
357,6/18/2021,51,35,28,14,3,2
358,6/19/2021,49,50,27,15,3,2
359,6/20/2021,78,62,48,13,2,2
360,6/21/2021,101,62,37,14,2,1
361,6/22/2021,102,50,41,13,2,1
362,6/23/2021,71,42,14,17,2,2
363,6/24/2021,54,41,25,15,2,2
364,6/25/2021,56,32,34,14,2,1
365,6/26/2021,33,39,21,14,3,2
366,6/27/2021,47,47,28,16,3,2
367,6/28/2021,53,61,54,16,3,2
368,6/29/2021,75,51,26,17,3,2
369,6/30/2021,57,47,20,16,3,2
370,7/1/2021,50,50,22,16,3,2
371,7/2/2021,55,53,34,14,2,2
372,7/3/2021,79,43,34,12,2,1
373,7/4/2021,61,32,23,12,2,1
374,7/5/2021,44,54,25,16,3,2
375,7/6/2021,72,45,26,15,3,1
376,7/7/2021,72,22,13,15,2,1
377,7/8/2021,31,31,17,14,2,1
378,7/9/2021,33,44,21,14,3,2
379,7/10/2021,61,39,22,13,4,1
380,7/11/2021,49,55,21,13,4,1
381,7/12/2021,59,44,19,11,3,1
382,7/13/2021,48,33,19,11,2,1
383,7/14/2021,40,33,18,11,3,1
384,7/15/2021,40,45,30,13,3,1
385,7/16/2021,59,49,35,15,3,1
386,7/17/2021,65,28,17,13,2,1
387,7/18/2021,36,43,33,14,2,2
388,7/19/2021,63,48,35,13,3,2
389,7/20/2021,80,33,29,11,2,1
390,7/21/2021,49,50,24,15,3,3
391,7/22/2021,84,25,10,14,2,2
392,7/23/2021,40,40,23,13,2,2
393,7/24/2021,54,46,31,13,2,2
394,7/25/2021,64,46,36,12,2,2
395,7/26/2021,71,44,31,11,2,1
396,7/27/2021,64,47,29,13,3,1
397,7/28/2021,74,54,30,14,3,3
398,7/29/2021,89,58,36,14,3,2
399,7/30/2021,97,52,36,16,3,2
400,7/31/2021,77,22,18,11,3,1
401,8/1/2021,29,50,31,15,3,2
402,8/2/2021,76,50,41,14,3,2
403,8/3/2021,75,61,35,14,3,3
404,8/4/2021,108,67,22,16,2,3
405,8/5/2021,117,61,27,15,2,2
406,8/6/2021,104,62,26,15,2,2
407,8/7/2021,105,38,12,16,3,2
408,8/8/2021,53,58,11,20,3,3
409,8/9/2021,103,35,6,16,3,1
410,8/10/2021,47,31,24,14,3,1
411,8/11/2021,41,43,21,13,3,1
412,8/12/2021,58,44,16,15,3,2
413,8/13/2021,62,38,15,13,3,1
414,8/14/2021,50,36,9,15,3,2
415,8/15/2021,51,31,15,14,3,1
416,8/16/2021,38,30,22,13,3,1
417,8/17/2021,37,36,26,12,3,1
418,8/18/2021,45,27,22,14,3,1
419,8/19/2021,35,41,19,13,3,1
420,8/20/2021,57,38,25,12,3,1
421,8/21/2021,49,37,19,10,3,1
422,8/22/2021,52,39,13,14,4,1
423,8/23/2021,55,48,21,17,3,2
424,8/24/2021,65,42,17,12,3,1
425,8/25/2021,56,31,12,14,3,1
426,8/26/2021,40,32,17,15,4,1
427,8/27/2021,46,30,24,13,4,1
428,8/28/2021,41,41,21,15,6,2
429,8/29/2021,59,52,17,14,4,2
430,8/30/2021,79,48,20,15,5,1
431,8/31/2021,65,49,27,14,4,1
432,9/1/2021,79,35,26,11,3,1
433,9/2/2021,46,50,24,12,4,1
434,9/3/2021,70,35,31,12,4,1
435,9/4/2021,49,31,18,13,4,1
436,9/5/2021,35,36,23,15,4,1
437,9/6/2021,51,51,14,15,4,2
438,9/7/2021,83,43,12,15,4,2
439,9/8/2021,67,37,17,15,3,2
440,9/9/2021,59,47,21,16,4,2
441,9/10/2021,76,51,29,14,4,2
442,9/11/2021,80,64,48,16,4,3
443,9/12/2021,119,60,27,16,4,3
444,9/13/2021,105,37,7,15,4,2
445,9/14/2021,51,23,9,16,4,2
446,9/15/2021,31,35,15,16,4,2
447,9/16/2021,49,29,12,13,4,1
448,9/17/2021,34,32,18,14,4,1
449,9/18/2021,41,36,15,12,4,1
450,9/19/2021,50,47,23,15,5,1
451,9/20/2021,72,54,29,16,7,2
452,9/21/2021,84,49,12,19,6,2
453,9/22/2021,70,46,1,14,6,2
454,9/23/2021,68,43,26,12,4,2
455,9/24/2021,67,22,1,12,4,1
456,9/25/2021,29,35,1,12,4,2
457,9/26/2021,47,46,1,11,4,2
458,9/27/2021,65,57,7,13,4,3
459,9/28/2021,95,57,13,13,4,2
460,9/29/2021,97,56,9,12,4,2
461,9/30/2021,92,55,4,12,4,2
462,10/1/2021,81,51,1,12,4,2
463,10/2/2021,75,64,4,13,4,3
464,10/3/2021,111,55,7,13,4,1
465,10/4/2021,89,58,7,14,4,3
466,10/5/2021,99,60,10,14,4,3
467,10/6/2021,102,74,15,16,4,3
468,10/7/2021,131,63,13,14,4,2
469,10/8/2021,106,58,2,15,4,2
470,10/9/2021,103,10,18,10,4,1
471,10/10/2021,13,13,18,11,4,2
472,10/11/2021,17,17,4,11,4,2
473,10/12/2021,20,21,1,13,5,1
474,10/13/2021,25,15,4,11,11,1
475,10/14/2021,19,18,1,13,11,2
476,10/15/2021,24,19,4,11,11,2
477,10/16/2021,23,16,5,11,11,2
478,10/17/2021,20,14,2,12,4,2
479,10/18/2021,21,38,3,14,5,3
480,10/19/2021,58,57,5,13,4,3
481,10/20/2021,97,28,1,11,5,2
482,10/21/2021,35,19,6,12,11,1
483,10/22/2021,22,41,10,14,11,2
484,10/23/2021,66,51,11,13,5,2
485,10/24/2021,84,69,17,15,5,4
486,10/25/2021,123,91,19,20,6,4
487,10/26/2021,161,104,15,19,5,6
488,10/27/2021,182,90,7,17,5,4
489,10/28/2021,164,26,5,15,5,3
490,10/29/2021,39,18,3,12,5,3
491,10/30/2021,24,26,1,12,5,3
492,10/31/2021,39,32,18,14,5,4
493,11/1/2021,42,36,18,13,5,5
494,11/2/2021,51,39,6,14,5,4
495,11/3/2021,65,55,5,13,5,3
496,11/4/2021,83,48,3,13,5,2
497,11/5/2021,65,42,3,11,5,1
498,11/6/2021,55,44,1,11,5,1
499,11/7/2021,67,29,3,11,5,1
500,11/8/2021,32,45,9,14,6,1
501,11/9/2021,54,48,10,15,5,1
502,11/10/2021,67,69,13,16,6,3
503,11/11/2021,119,79,12,19,7,3
504,11/12/2021,137,56,12,14,6,1
505,11/13/2021,92,79,16,16,6,4
506,11/14/2021,144,98,17,20,7,4
507,11/15/2021,177,90,11,19,6,3
508,11/16/2021,171,53,2,16,6,3
509,11/17/2021,102,45,7,15,5,4
510,11/18/2021,73,91,4,22,6,4
511,11/19/2021,168,69,6,15,5,4
512,11/20/2021,133,44,4,11,5,1
513,11/21/2021,68,33,6,12,5,2
514,11/22/2021,40,33,7,13,5,1
515,11/23/2021,44,46,8,14,6,1
516,11/24/2021,65,60,6,16,6,2
517,11/25/2021,98,75,7,17,6,3
518,11/26/2021,131,73,15,18,7,3
519,11/27/2021,134,91,21,20,8,5
520,11/28/2021,160,93,19,21,7,5
521,11/29/2021,164,75,11,18,6,3
522,11/30/2021,129,66,16,19,7,4
523,12/1/2021,113,76,20,21,5,4
524,12/2/2021,129,102,16,23,6,6
525,12/3/2021,174,102,18,22,6,5
526,12/4/2021,178,112,20,21,7,5
527,12/5/2021,191,107,18,22,7,6
528,12/6/2021,183,109,23,22,9,7
529,12/7/2021,187,66,18,11,11,4
530,12/8/2021,111,70,10,23,7,3
531,12/9/2021,134,95,19,20,7,4
532,12/10/2021,174,92,22,21,7,4
533,12/11/2021,168,91,15,16,7,3
534,12/12/2021,161,46,9,16,6,3
535,12/13/2021,67,99,24,19,8,6
536,12/14/2021,178,114,11,26,7,5
537,12/15/2021,199,106,14,21,6,7
538,12/16/2021,192,86,9,18,6,3
539,12/17/2021,155,56,16,16,6,2
540,12/18/2021,85,70,18,16,6,2
541,12/19/2021,119,86,16,19,8,3
542,12/20/2021,153,74,16,17,6,3
543,12/21/2021,130,125,14,24,8,6
544,12/22/2021,211,117,20,23,10,5
545,12/23/2021,201,101,12,22,8,4
546,12/24/2021,182,120,4,25,8,5
547,12/25/2021,208,79,4,16,7,3
548,12/26/2021,155,33,2,12,6,3
549,12/27/2021,40,42,9,13,6,2
550,12/28/2021,68,54,2,15,6,3
551,12/29/2021,96,40,6,14,6,3
552,12/30/2021,67,47,3,15,6,3
553,12/31/2021,83,66,18,11,11,4
554,1/2/2022,97,101,9,19,7,5
555,1/3/2022,183,118,18,19,7,5
556,1/4/2022,211,87,7,22,8,3
557,1/5/2022,153,65,9,17,8,2
558,1/6/2022,108,80,13,20,9,3
559,1/7/2022,137,88,7,26,10,3
560,1/8/2022,157,53,1,14,7,4
561,1/9/2022,91,31,1,13,6,3
562,1/10/2022,55,41,8,15,6,3
563,1/11/2022,69,84,1,28,15,4
564,1/12/2022,151,70,4,18,8,3
565,1/13/2022,132,91,1,24,11,4
566,1/14/2022,169,122,6,22,9,6
567,1/15/2022,219,99,10,19,7,5
568,1/16/2022,177,18,2,13,6,3
569,1/17/2022,28,50,12,15,7,4
570,1/18/2022,88,65,15,17,8,3
571,1/19/2022,121,64,6,20,7,3
572,1/20/2022,121,68,2,21,7,4
573,1/21/2022,139,55,17,18,7,4
574,1/22/2022,104,70,8,16,7,5
575,1/23/2022,144,52,8,13,7,2
576,1/24/2022,93,50,4,15,7,3
577,1/25/2022,84,52,3,15,7,2
578,1/26/2022,87,47,6,14,7,2
579,1/27/2022,76,45,9,14,7,2
580,1/28/2022,70,34,3,14,7,4
581,1/29/2022,58,28,5,10,6,4
582,1/30/2022,49,22,8,9,6,3
583,1/31/2022,39,23,7,9,6,3
584,2/1/2022,41,17,4,9,6,3
585,2/2/2022,29,23,10,9,6,3
586,2/3/2022,40,37,10,11,7,3
587,2/4/2022,68,52,13,12,7,2
588,2/5/2022,99,56,4,12,7,3
589,2/6/2022,116,49,3,14,7,3
590,2/7/2022,94,24,2,12,7,3
591,2/8/2022,45,17,1,11,7,3
592,2/9/2022,28,32,17,14,7,3
593,2/10/2022,57,43,1,17,8,4
594,2/11/2022,80,21,17,13,7,3
595,2/12/2022,36,11,1,11,7,2
596,2/13/2022,17,31,11,12,7,2
597,2/14/2022,51,51,5,16,7,3
598,2/15/2022,93,36,2,15,7,4
599,2/16/2022,64,56,1,23,8,5
600,2/17/2022,108,42,1,18,7,3
601,2/18/2022,69,6,7,11,7,2
602,2/19/2022,9,8,10,10,6,2
603,2/20/2022,16,12,8,11,6,2
604,2/21/2022,20,18,6,11,7,2
605,2/22/2022,28,30,13,13,7,1
606,2/23/2022,47,41,17,13,7,1
607,2/24/2022,70,70,29,18,9,2
608,2/25/2022,131,85,22,19,9,3
609,2/26/2022,158,122,27,19,9,4
610,2/27/2022,221,94,22,17,9,3
611,2/28/2022,179,99,11,20,8,3
612,3/1/2022,179,112,23,11,5,5
613,3/2/2022,201,87,12,8,2,3
614,3/3/2022,152,61,10,4,1,2
615,3/4/2022,110,47,4,4,1,2
616,3/5/2022,80,46,5,4,1,2
617,3/6/2022,78,46,14,5,1,3
618,3/7/2022,76,75,30,5,2,4
619,3/8/2022,124,63,23,7,2,2
620,3/9/2022,95,60,19,8,2,2
621,3/10/2022,91,57,17,5,2,2
622,3/11/2022,88,52,16,4,1,1
623,3/12/2022,75,50,10,4,1,1
624,3/13/2022,72,57,11,5,2,2
625,3/14/2022,88,84,27,6,2,3
626,3/15/2022,153,56,17,12,9,3
627,3/16/2022,97,53,6,4,2,1
628,3/17/2022,90,67,3,5,2,2
629,3/18/2022,126,56,17,12,9,3
630,3/22/2022,97,11,8,1,1,2
631,3/23/2022,15,46,10,1,2,3
632,3/24/2022,77,67,8,1,3,4
633,3/25/2022,126,85,26,1,2,4
634,3/26/2022,159,54,11,1,2,2
635,3/27/2022,82,34,19,1,2,2
636,3/28/2022,47,89,7,1,8,3
637,3/29/2022,157,70,10,1,3,4
638,3/30/2022,140,53,15,1,2,2
639,3/31/2022,87,17,18,12,2,1
640,4/1/2022,25,19,23,1,2,2
641,4/2/2022,24,47,25,1,3,3
642,4/3/2022,71,69,37,1,7,2
643,4/4/2022,112,83,37,1,5,3
644,4/5/2022,136,106,39,1,4,4
645,4/6/2022,176,95,30,1,4,3
646,4/7/2022,160,111,45,1,8,4
647,4/8/2022,174,66,33,1,2,2
648,4/9/2022,113,62,25,1,2,2
649,4/10/2022,103,71,11,1,2,2
650,4/11/2022,117,56,9,1,2,1
651,4/12/2022,87,69,20,1,2,2
652,4/13/2022,110,66,17,1,2,2
653,4/14/2022,118,60,10,1,2,2
654,4/15/2022,108,35,11,1,2,2
655,4/16/2022,52,11,8,9,2,2
656,4/17/2022,15,13,12,1,2,2
657,4/18/2022,16,40,17,1,2,2
658,4/19/2022,58,66,17,2,4,3
659,4/20/2022,108,78,8,1,4,4
660,4/21/2022,144,61,16,1,2,2
661,4/22/2022,104,50,11,1,2,2
662,4/23/2022,76,47,6,1,2,1
663,4/24/2022,70,52,8,1,3,1
664,4/25/2022,81,52,10,9,2,1
665,4/26/2022,77,39,9,1,2,1
666,4/27/2022,56,42,7,9,2,1
667,4/28/2022,57,50,5,9,2,2
668,4/29/2022,68,45,19,9,6,2
669,5/2/2022,66,43,22,1,4,2
670,5/3/2022,57,70,35,1,6,3
671,5/4/2022,111,77,57,1,6,3
672,5/5/2022,139,45,19,9,6,2
673,7/30/2022,59,40,7,1,10,2
674,7/31/2022,59,40,13,1,11,2
675,8/1/2022,59,40,15,1,10,1
676,8/2/2022,59,40,14,1,12,1
677,8/3/2022,59,40,20,1,12,1
678,8/4/2022,59,40,20,1,11,1
679,8/5/2022,59,40,19,1,9,1
680,8/6/2022,59,40,5,1,10,1
681,8/7/2022,59,40,6,1,9,1
682,8/8/2022,59,40,9,1,9,1
683,8/9/2022,59,40,14,1,10,1
684,8/10/2022,59,40,9,1,10,1
685,8/11/2022,59,40,6,15,7,1
686,8/12/2022,59,40,8,15,7,1
687,8/13/2022,59,40,18,1,9,2
688,8/14/2022,59,40,16,1,10,2
689,8/15/2022,59,40,14,1,11,1
690,8/16/2022,59,40,17,1,11,1
691,8/17/2022,59,42,15,2,11,1
692,8/18/2022,64,47,21,4,10,1
693,8/19/2022,70,34,21,4,11,1
694,8/20/2022,48,18,11,4,9,1
695,8/21/2022,22,32,6,3,8,1
696,8/22/2022,37,50,17,4,9,1
697,8/23/2022,61,47,15,6,11,2
698,8/24/2022,70,44,20,4,11,2
699,8/25/2022,75,25,13,4,10,2
700,8/26/2022,29,33,8,3,8,1
701,8/27/2022,39,34,13,3,10,1
702,8/28/2022,45,35,11,4,10,1
703,8/29/2022,44,44,11,3,10,1
704,8/30/2022,59,55,18,4,11,1
705,8/31/2022,83,46,22,6,12,2
706,9/1/2022,73,49,11,4,10,2
707,9/2/2022,78,69,17,4,10,2
708,9/3/2022,109,49,22,5,11,3
709,9/4/2022,70,35,16,3,11,2
710,9/5/2022,49,57,18,5,10,2
711,9/6/2022,92,71,23,6,11,2
712,9/7/2022,128,30,27,6,13,3
713,9/8/2022,50,34,13,3,9,1
714,9/9/2022,44,40,7,3,9,2
715,9/10/2022,59,48,26,15,7,3
716,9/11/2022,71,59,9,6,11,2
717,9/12/2022,95,76,26,5,11,2
718,9/13/2022,135,79,28,6,12,3
719,9/14/2022,147,67,29,6,13,4
720,9/15/2022,113,51,29,5,13,2
721,9/16/2022,73,44,8,5,11,2
722,9/17/2022,62,71,11,4,11,2
723,9/18/2022,135,56,31,5,11,4
724,9/19/2022,90,59,21,4,12,2
725,9/20/2022,99,55,22,4,12,2
726,9/21/2022,88,46,17,4,11,3
727,9/22/2022,64,47,16,4,10,2
728,9/23/2022,69,42,19,4,10,2
729,9/24/2022,70,41,16,3,9,2
730,9/25/2022,70,60,16,2,9,2
731,9/26/2022,108,71,22,4,10,3
732,9/27/2022,134,67,25,5,11,3
733,9/28/2022,129,63,14,5,11,3
734,9/29/2022,123,40,9,3,10,4
735,10/16/2022,111,65,24,7,12,2
736,10/17/2022,106,76,30,6,12,3
737,10/18/2022,131,77,20,3,12,3
738,10/19/2022,145,26,18,1,8,1
739,10/20/2022,46,25,11,1,9,2
740,10/21/2022,40,41,16,1,11,3
741,10/22/2022,67,65,18,2,13,4
742,10/23/2022,118,93,28,3,14,4
743,10/24/2022,170,77,27,2,13,3
744,10/25/2022,148,76,25,2,12,3
745,10/26/2022,149,68,19,2,16,2
746,10/27/2022,113,76,32,2,17,3
747,10/28/2022,130,82,28,2,14,3
748,10/29/2022,153,74,20,1,13,3
749,10/30/2022,137,47,15,1,12,2
750,10/31/2022,73,53,18,1,13,2
751,11/1/2022,84,78,23,1,13,4
752,11/2/2022,137,85,23,1,14,4
753,11/3/2022,149,82,25,1,14,3
754,11/4/2022,147,80,26,1,14,3
755,11/5/2022,146,84,28,1,14,4
756,11/6/2022,160,91,28,1,15,4
757,11/7/2022,170,102,26,1,20,5
758,11/8/2022,186,86,26,1,17,4
759,11/9/2022,161,82,11,1,15,3
760,11/10/2022,151,81,15,4,15,3
761,11/11/2022,137,63,16,9,16,2
762,11/12/2022,109,70,13,8,17,2
763,11/13/2022,119,79,14,10,15,3
764,11/14/2022,148,73,10,8,16,2
765,11/15/2022,126,53,16,7,14,2
766,11/16/2022,89,38,10,3,13,1
767,11/17/2022,56,42,12,5,13,2
768,11/18/2022,65,49,10,10,16,2
769,11/19/2022,74,43,11,4,13,2
770,11/20/2022,72,64,19,7,15,3
771,11/21/2022,120,79,12,10,14,3
772,11/22/2022,148,60,12,7,13,3
773,11/23/2022,113,30,6,5,12,2
774,11/24/2022,52,33,5,6,12,3
775,11/25/2022,49,25,3,5,12,3
776,11/26/2022,39,40,10,3,14,2
777,11/27/2022,53,33,11,3,14,1
778,11/28/2022,44,37,12,4,14,1
779,11/29/2022,55,66,18,11,11,4
780,12/14/2022,111,124,18,15,20,6
781,12/15/2022,207,113,31,14,17,5
782,12/16/2022,201,72,20,4,12,2
783,12/17/2022,120,65,23,6,12,2
784,12/18/2022,96,95,27,8,14,4
785,12/19/2022,171,126,26,15,17,4
786,12/20/2022,220,99,27,8,14,4
787,12/21/2022,181,108,25,12,14,6
788,12/22/2022,194,87,27,9,15,3
789,12/23/2022,151,86,28,11,18,4
790,12/24/2022,154,93,24,9,16,3
791,12/25/2022,163,108,16,14,14,4
792,12/26/2022,196,100,16,11,16,3
793,12/27/2022,182,58,10,9,14,2
794,12/28/2022,113,39,11,3,11,3
795,12/29/2022,68,48,11,5,14,2
796,12/30/2022,85,69,11,6,13,3
797,12/31/2022,137,80,22,5,13,3
798,1/1/2023,157,86,18,6,13,3
799,1/2/2023,161,55,12,3,12,2
800,1/3/2023,111,56,17,12,9,3
801,2/9/2023,97,38,14,1,16,1
802,2/10/2023,59,36,18,1,15,1
803,2/11/2023,53,37,15,1,16,1
804,2/12/2023,59,50,17,2,16,2
805,2/13/2023,90,43,9,2,14,2
806,2/14/2023,73,46,13,2,14,2
807,2/15/2023,80,63,14,3,14,3
808,2/16/2023,127,86,16,5,18,4
809,2/17/2023,166,64,25,2,17,2
810,2/18/2023,123,72,11,2,16,3
811,2/19/2023,142,58,20,3,15,3
812,2/20/2023,109,85,26,5,19,4
813,2/21/2023,159,62,28,2,17,2
814,2/22/2023,107,66,21,4,17,2
815,2/23/2023,118,55,9,3,15,2
816,2/24/2023,91,39,20,12,15,3
817,2/25/2023,65,69,26,12,15,3
818,2/26/2023,132,84,33,12,18,3
819,2/27/2023,159,81,30,12,16,3
820,2/28/2023,150,74,12,12,16,2
821,3/1/2023,137,89,32,12,19,3
822,3/2/2023,170,84,30,12,18,3
823,3/3/2023,158,62,19,12,16,3
824,3/4/2023,118,88,35,12,18,4
825,3/5/2023,170,79,31,12,17,2
826,3/6/2023,148,62,26,12,17,2
827,3/7/2023,109,59,15,12,18,2
828,3/8/2023,103,68,25,12,16,2
829,3/9/2023,134,76,23,12,18,2
830,3/10/2023,148,72,14,12,17,2
831,3/11/2023,138,82,17,12,19,2
832,3/12/2023,155,74,17,12,15,2
833,3/13/2023,97,103,23,12,17,3
834,3/14/2023,165,84,13,12,15,3
835,3/15/2023,150,56,17,12,9,3
836,3/16/2023,97,47,10,12,16,1
837,3/17/2023,78,52,11,12,18,2
838,3/18/2023,83,52,10,12,17,1
839,3/19/2023,76,48,8,12,17,1
840,3/20/2023,74,43,10,12,16,1
841,3/21/2023,77,65,25,12,18,2
842,3/22/2023,131,66,18,12,18,1
843,3/23/2023,130,67,15,12,17,2
844,3/24/2023,134,54,7,12,16,1
845,3/25/2023,98,40,4,12,14,2
846,3/26/2023,68,22,5,12,14,2
847,3/27/2023,30,33,7,12,15,2
848,3/28/2023,54,30,6,12,14,2
849,3/29/2023,47,41,6,12,15,3
850,3/30/2023,70,73,17,12,20,4
851,3/31/2023,151,56,2,12,16,4
852,4/1/2023,66,45,5,9,16,3
853,4/2/2023,66,45,5,9,16,3
854,4/3/2023,66,45,12,9,16,1
855,4/4/2023,66,45,11,9,17,2
856,4/5/2023,66,45,19,9,18,1
857,4/6/2023,66,45,20,9,19,2
858,4/7/2023,66,45,11,9,18,2
859,4/8/2023,66,45,17,9,16,2
860,4/9/2023,66,45,8,9,15,2
861,4/10/2023,66,45,6,9,16,3
862,4/11/2023,66,45,4,9,16,4
863,4/12/2023,66,45,4,9,17,3
864,4/13/2023,66,45,6,9,17,2
865,4/14/2023,66,45,4,9,16,2
866,4/15/2023,66,45,8,9,17,4
867,4/16/2023,66,45,16,9,20,4
868,4/17/2023,66,45,10,9,17,3
869,4/18/2023,66,45,7,9,18,2
870,4/19/2023,66,45,9,9,21,3
871,4/20/2023,66,45,9,9,21,3
872,4/21/2023,66,45,13,9,20,3
873,4/22/2023,66,45,11,9,20,2
874,4/23/2023,66,45,7,9,20,2
875,4/24/2023,66,45,8,9,23,1
876,4/25/2023,66,45,4,9,19,1
877,4/26/2023,66,45,11,9,18,3
878,4/27/2023,66,45,22,9,19,2
879,4/28/2023,66,45,8,9,20,2
880,4/29/2023,66,45,12,9,19,1
881,4/30/2023,66,45,13,9,18,1
882,5/1/2023,66,45,29,9,20,2
883,5/2/2023,66,45,16,9,18,2
884,5/3/2023,66,45,10,9,20,1
885,5/4/2023,66,45,10,9,21,1
886,5/5/2023,66,45,19,9,22,1
887,5/6/2023,66,45,7,9,20,1
888,5/9/2023,66,45,8,9,18,2
889,5/10/2023,66,45,7,9,19,2
890,5/11/2023,66,45,16,9,20,1
891,5/12/2023,66,45,13,9,19,1
892,5/13/2023,66,45,14,9,17,1
893,5/14/2023,66,47,15,6,17,2
894,5/15/2023,66,50,27,3,19,4
895,5/16/2023,75,70,14,3,11,2
896,5/17/2023,105,76,4,2,2,3
897,5/18/2023,123,74,8,2,2,3
898,5/19/2023,123,66,8,2,2,2
899,5/20/2023,111,61,6,9,1,2
900,5/21/2023,100,66,5,1,1,2
901,5/22/2023,108,67,8,1,2,2
902,5/23/2023,108,56,7,1,2,2
903,5/24/2023,85,49,5,1,1,2
904,5/25/2023,59,38,3,1,6,2
905,5/26/2023,50,34,2,1,6,2
906,5/27/2023,43,41,1,1,6,1
907,5/28/2023,52,60,1,9,1,1
908,5/29/2023,78,54,4,9,1,2
909,5/30/2023,74,67,7,1,2,1
910,5/31/2023,95,59,5,9,2,2
911,6/1/2023,93,55,4,1,2,2
912,6/2/2023,80,63,6,1,2,2
913,6/3/2023,95,62,6,1,1,2
914,6/4/2023,95,63,5,1,1,2
915,6/5/2023,100,57,5,1,1,2
916,6/6/2023,92,51,3,1,1,2
917,6/7/2023,76,67,5,1,2,2
918,6/8/2023,116,38,7,3,1,2
919,6/9/2023,53,69,4,3,1,2
920,6/10/2023,121,66,9,2,2,3
921,6/11/2023,121,64,8,3,2,2
922,6/12/2023,108,54,8,2,1,2
923,6/13/2023,96,30,7,2,1,2
924,6/14/2023,39,42,3,3,1,2
925,6/15/2023,61,45,1,9,6,2
926,6/20/2023,66,38,19,1,6,2
927,6/21/2023,47,57,3,2,1,2
928,6/22/2023,88,24,3,1,1,3
929,6/23/2023,32,30,1,1,1,2
930,6/24/2023,42,12,19,1,1,1
931,6/25/2023,17,21,1,1,1,2
932,6/26/2023,28,32,1,1,1,2
933,6/27/2023,41,28,1,1,1,1
934,6/28/2023,33,34,1,1,1,1
935,6/29/2023,38,37,1,1,1,1
936,6/30/2023,47,27,15,2,4,2
937,7/1/2023,36,25,275,2,7,2
938,7/2/2023,32,23,236,2,6,1
939,7/3/2023,27,6,98,3,1,4
940,7/4/2023,5,2,76,8,1,2
941,7/5/2023,2,1,54,8,1,1
942,7/6/2023,1,40,72,8,2,1
943,7/7/2023,1,1,71,8,2,1
944,7/8/2023,1,1,36,10,2,1
945,7/9/2023,1,1,57,9,2,1
946,7/10/2023,1,1,47,9,1,1
947,7/11/2023,1,1,36,9,1,1
948,7/12/2023,1,40,37,9,1,1
949,7/13/2023,1,1,23,10,1,1
950,7/14/2023,1,1,27,10,1,2
951,7/15/2023,1,1,33,10,2,2
952,7/16/2023,1,47,22,26,1,2
953,7/17/2023,67,40,20,27,1,2
954,7/18/2023,58,37,14,34,1,3
955,7/19/2023,60,43,6,34,1,3
956,7/20/2023,71,45,7,32,1,3
957,7/21/2023,69,47,11,27,1,2
958,7/22/2023,63,39,11,22,1,1
959,7/23/2023,43,46,11,25,2,1
960,7/24/2023,52,52,20,29,3,1
961,7/25/2023,62,51,32,34,3,1
962,7/26/2023,59,54,31,34,2,2
963,7/27/2023,82,44,14,32,2,2
964,7/28/2023,69,63,25,35,2,3
965,7/29/2023,106,47,11,42,2,2
966,7/30/2023,74,33,10,37,2,2
967,7/31/2023,44,36,14,29,2,2
968,8/1/2023,56,34,11,30,2,2
969,8/2/2023,49,37,9,32,2,3
970,8/3/2023,53,25,5,31,2,2
971,8/4/2023,37,30,4,34,2,3
972,8/5/2023,38,43,10,31,2,3
973,8/6/2023,57,38,17,35,2,2
974,8/7/2023,44,44,26,36,3,2
975,8/8/2023,55,40,26,15,7,3
976,8/10/2023,59,5,147,21,10,3
977,8/11/2023,6,40,145,57,10,2
978,8/12/2023,59,1,119,93,10,2
979,8/13/2023,2,20,87,28,10,2
980,8/14/2023,25,30,111,27,10,2
981,8/15/2023,42,56,131,26,10,3
982,8/16/2023,91,56,148,16,10,2
983,8/17/2023,84,50,26,15,10,2
984,8/18/2023,69,60,26,27,10,3
985,8/19/2023,108,43,26,35,11,2
986,8/20/2023,72,47,26,55,11,3
987,8/21/2023,65,48,26,32,11,3
988,8/22/2023,66,50,26,23,11,2
989,8/23/2023,72,32,26,40,11,2
990,8/24/2023,41,31,26,25,10,2
991,8/25/2023,46,33,26,32,9,2
992,8/26/2023,43,49,26,17,9,2
993,8/27/2023,74,23,26,54,9,2
994,8/28/2023,28,31,26,68,9,2
995,8/29/2023,40,40,26,86,9,3
996,8/30/2023,53,56,26,59,7,5
997,8/31/2023,94,62,26,24,6,3
998,9/1/2023,107,71,26,18,6,3
999,9/2/2023,123,62,26,11,6,3
1000,9/3/2023,105,25,26,8,6,2
1001,9/4/2023,36,42,26,9,6,3
1002,9/5/2023,60,56,26,9,6,3
1003,9/6/2023,102,28,26,9,4,3
1004,9/7/2023,41,52,26,8,4,2
1005,9/8/2023,86,47,26,11,4,4
1006,9/9/2023,73,48,26,8,4,3
1007,9/10/2023,64,36,26,9,5,3
1008,9/11/2023,48,5,26,12,5,3
1009,9/12/2023,3,10,26,7,5,2
1010,9/13/2023,13,7,26,7,5,2
1011,9/14/2023,8,4,26,8,5,4
1012,9/15/2023,5,3,26,7,5,4
1013,9/16/2023,3,1,26,7,5,3
1014,9/17/2023,1,1,26,9,5,2
1015,9/18/2023,1,1,26,6,5,2
1016,9/19/2023,59,7,26,5,5,2
1017,9/20/2023,8,32,26,6,5,2
1018,9/21/2023,39,25,26,6,2,2
1019,9/22/2023,30,31,26,6,1,2
1020,9/23/2023,38,53,26,7,6,2
1021,9/24/2023,76,54,26,10,19,3
1022,9/25/2023,86,47,26,8,10,2
1023,9/26/2023,68,6,26,5,9,1
1024,9/27/2023,7,13,26,8,6,1
1025,9/28/2023,17,33,26,7,7,2
1026,9/29/2023,47,56,26,7,7,3
1027,9/30/2023,94,54,26,5,7,2
1028,10/1/2023,79,55,18,6,8,2
1029,10/2/2023,81,61,18,8,8,2
1030,10/3/2023,98,62,18,7,8,2
1031,10/4/2023,108,54,18,6,9,2
1032,10/5/2023,77,46,18,5,10,2
1033,10/6/2023,70,41,18,9,8,2
1034,10/7/2023,62,28,18,14,6,2
1035,10/8/2023,37,33,18,18,7,2
1036,10/9/2023,43,37,13,14,7,1
1037,10/10/2023,39,42,15,11,7,1
1038,10/11/2023,46,36,31,11,10,5
1039,10/12/2023,49,46,36,9,11,3
1040,10/13/2023,68,55,28,7,10,3
1041,10/14/2023,84,57,18,7,14,4
1042,10/15/2023,75,66,32,11,13,3
1043,10/16/2023,107,78,28,13,12,4
1044,10/17/2023,132,87,34,16,13,4
1045,10/18/2023,145,72,39,10,13,2
1046,10/19/2023,107,50,31,8,14,2
1047,10/20/2023,70,47,10,6,22,3
1048,10/21/2023,60,49,14,6,18,2
1049,10/22/2023,77,63,10,11,17,3
1050,10/23/2023,108,70,19,11,17,3
1051,10/24/2023,123,75,18,9,17,3
1052,10/25/2023,140,83,19,11,19,3
1053,10/26/2023,147,106,27,13,21,4
1054,10/27/2023,184,50,16,5,20,2
1055,10/28/2023,85,36,14,5,20,2
1056,10/29/2023,57,31,12,6,22,2
1057,10/30/2023,39,60,14,10,23,3
1058,10/31/2023,102,79,19,10,23,4
1059,11/1/2023,135,82,31,10,24,3
1060,11/2/2023,149,64,20,6,24,2
1061,11/3/2023,115,45,18,3,24,1
1062,11/4/2023,67,45,17,5,25,2
1063,11/5/2023,67,19,14,8,25,1
1064,11/6/2023,24,55,12,5,34,3
1065,11/7/2023,83,89,29,5,9,3
1066,11/8/2023,153,91,20,8,9,3
1067,11/9/2023,145,75,23,6,9,2
1068,11/10/2023,132,75,22,5,9,2
1069,11/11/2023,132,83,23,5,10,3
1070,11/12/2023,142,32,5,3,13,2
1071,11/13/2023,42,33,10,4,14,3
1072,11/14/2023,49,74,9,8,15,4
1073,11/15/2023,128,50,13,4,15,3
1074,11/16/2023,71,76,21,10,21,4
1075,11/17/2023,103,130,28,11,20,6
1076,11/18/2023,201,134,29,11,21,6
1077,11/19/2023,217,141,37,12,21,7
1078,11/20/2023,220,146,52,12,26,6
1079,11/21/2023,229,126,17,12,19,4
1080,11/22/2023,207,119,17,10,19,5
1081,11/23/2023,200,129,18,11,18,5
1082,11/24/2023,214,114,31,11,19,4
1083,11/25/2023,176,117,27,9,19,4
1084,11/26/2023,188,124,26,11,20,5
1085,11/27/2023,203,125,29,10,13,6
1086,11/28/2023,210,133,34,14,6,6
1087,11/29/2023,219,109,17,11,6,5
1088,11/30/2023,194,34,13,5,5,3
1089,12/1/2023,60,54,8,4,5,3
1090,12/2/2023,103,53,6,5,6,4
1091,12/3/2023,100,44,5,5,6,3
1092,12/4/2023,67,64,6,8,18,4
1093,12/5/2023,111,67,9,11,9,4
1094,12/6/2023,116,84,21,11,11,6
1095,12/7/2023,148,91,34,15,12,4
1096,12/8/2023,158,91,13,19,11,4
1097,12/9/2023,164,63,12,9,10,3
1098,12/10/2023,114,54,11,10,11,2
1099,12/11/2023,90,65,8,15,11,3
1100,12/12/2023,110,71,19,10,11,2
1101,12/13/2023,131,109,15,11,11,2
1102,12/14/2023,172,70,12,10,11,2
1103,12/15/2023,127,61,6,9,11,2
1104,12/16/2023,86,46,11,6,11,2
1105,12/17/2023,77,77,8,10,12,2
1106,12/18/2023,139,40,9,6,11,2
1107,12/19/2023,63,59,14,7,11,2
1108,12/20/2023,105,98,17,11,11,3
1109,12/21/2023,169,78,26,12,11,2
1110,12/22/2023,131,97,30,16,12,3
1111,12/23/2023,166,96,28,11,13,3
1112,12/24/2023,164,103,31,16,16,4
1113,12/25/2023,162,125,2,26,21,7
1114,12/26/2023,204,66,18,11,11,4
1115,1/1/2024,97,46,14,11,13,2
1116,1/2/2024,66,55,8,13,25,3
1117,1/3/2024,87,73,10,18,14,4
1118,1/4/2024,128,114,12,22,13,6
1119,1/5/2024,195,78,21,14,12,4
1120,1/6/2024,140,71,16,13,12,3
1121,1/7/2024,124,60,14,11,12,2
1122,1/8/2024,101,48,12,10,12,2
1123,1/9/2024,71,31,4,13,12,3
1124,1/10/2024,49,24,4,10,13,4
1125,1/11/2024,39,45,4,8,12,4
1126,1/12/2024,74,56,17,12,9,3
1127,1/14/2024,97,67,11,17,13,3
1128,1/15/2024,98,55,21,14,13,3
1129,1/16/2024,74,79,10,21,13,4
1130,1/17/2024,143,56,17,12,9,3
1131,1/24/2024,97,59,14,12,13,2
1132,1/25/2024,98,59,14,9,13,2
1133,1/26/2024,111,52,11,8,13,3
1134,1/27/2024,99,43,16,7,13,2
1135,1/28/2024,70,52,13,10,13,3
1136,1/29/2024,95,61,11,14,13,4
1137,1/30/2024,117,81,11,18,13,7
1138,1/31/2024,156,79,15,18,13,8
1139,2/1/2024,152,56,17,12,9,3
1140,2/3/2024,97,165,14,5,14,2
1141,2/4/2024,216,28,18,6,14,2
1142,2/5/2024,46,55,8,10,9,3
1143,2/6/2024,103,111,8,5,9,3
1144,2/7/2024,151,40,15,3,9,3
1145,2/8/2024,68,52,22,3,14,3
1146,2/9/2024,93,81,24,5,14,4
1147,2/10/2024,156,56,17,12,9,3
1148,2/12/2024,97,58,22,6,14,3
1149,2/13/2024,100,53,22,4,14,2
1150,2/14/2024,80,67,16,14,14,3
1151,2/15/2024,108,70,20,11,14,3
1152,2/16/2024,134,61,20,6,14,2
1153,2/17/2024,111,57,16,4,14,2
1154,2/18/2024,97,51,13,5,15,1
1155,2/19/2024,80,60,12,5,13,1
1156,2/20/2024,108,63,13,5,16,1
1157,2/21/2024,109,54,13,7,16,1
1158,2/22/2024,92,60,8,9,16,4
1159,2/23/2024,115,19,7,4,16,2
1160,2/24/2024,31,22,9,4,16,2
1161,2/25/2024,31,44,9,6,16,2
1162,2/26/2024,71,26,11,5,16,1
1163,2/27/2024,36,51,7,8,17,2
1164,2/28/2024,85,29,15,5,17,2
1165,2/29/2024,44,29,18,6,16,2
1166,3/1/2024,42,63,28,7,17,2
1167,3/2/2024,110,73,24,11,20,3
1168,3/3/2024,133,61,14,16,18,4
1169,3/4/2024,120,78,38,16,18,4
1170,3/5/2024,149,51,29,15,18,4
1171,3/6/2024,90,44,29,13,19,3
1172,3/7/2024,69,52,23,17,20,4
1173,3/8/2024,87,42,14,12,19,4
1174,3/9/2024,75,11,14,7,19,3
1175,3/10/2024,16,24,23,10,20,4
1176,3/11/2024,39,58,21,14,12,3
1177,3/12/2024,100,45,13,14,2,2
1178,3/13/2024,72,11,7,13,1,2
1179,3/14/2024,20,24,8,10,1,3
1180,3/15/2024,37,25,7,8,2,2
1181,3/16/2024,36,27,7,8,3,1
1182,3/17/2024,41,23,7,7,2,1
1183,3/18/2024,35,15,17,7,2,1
1184,3/19/2024,23,57,11,12,3,3
1185,3/20/2024,82,63,37,14,4,1
1186,3/21/2024,96,47,29,11,3,2
1187,3/22/2024,67,35,18,6,3,2
1188,3/23/2024,48,52,12,7,4,1
1189,3/24/2024,89,56,23,7,9,1
1190,3/25/2024,96,56,17,12,9,3
