dateNumber,date,pm25,pm10,o3,no2,so2,co,AQI
1,1/1/2014,95,124,22,40,6,28,124
2,1/2/2014,186,144,69,39,8,43,186
3,1/3/2014,227,151,24,25,12,28,227
4,1/4/2014,253,48,13,19,12,14,253
5,1/5/2014,95,115,65,35,5,33,115
6,1/6/2014,188,85,46,30,3,27,188
7,1/7/2014,167,80,20,28,10,27,167
8,1/8/2014,163,75,29,23,7,22,163
9,1/9/2014,165,103,21,32,12,32,165
10,1/10/2014,189,115,17,20,6,25,189
11,1/11/2014,206,69,19,17,5,20,206
12,1/12/2014,150,59,32,17,6,17,150
13,1/13/2014,133,77,93,27,9,21,133
14,1/14/2014,162,85,96,35,11,22,162
15,1/15/2014,171,90,104,37,10,23,171
16,1/16/2014,179,100,54,29,6,28,179
17,1/17/2014,191,102,65,36,9,31,191
18,1/18/2014,194,102,66,35,16,28,194
19,1/19/2014,199,48,13,19,12,14,199
20,1/20/2014,95,100,13,57,22,39,100
21,1/21/2014,179,91,55,41,13,28,179
22,1/22/2014,180,108,33,47,10,30,180
23,1/23/2014,183,94,35,34,2,24,183
24,1/24/2014,166,101,19,31,3,26,166
25,1/25/2014,183,97,17,29,5,26,183
26,1/26/2014,181,85,23,34,4,29,181
27,1/27/2014,167,65,23,29,3,24,167
28,1/28/2014,153,69,18,28,3,25,153
29,1/29/2014,154,76,27,22,3,23,154
30,1/30/2014,164,61,34,15,2,16,164
31,1/31/2014,134,38,21,16,2,13,134
32,2/1/2014,101,39,20,18,2,14,101
33,2/2/2014,101,37,20,20,2,14,101
34,2/3/2014,94,33,23,17,2,13,94
35,2/4/2014,84,31,17,15,2,14,84
36,2/5/2014,84,37,19,17,2,18,84
37,2/6/2014,99,29,15,17,2,20,99
38,2/7/2014,81,43,10,16,2,19,81
39,2/8/2014,120,46,12,14,2,17,120
40,2/9/2014,125,47,19,15,1,15,125
41,2/10/2014,127,62,23,14,1,14,127
42,2/11/2014,159,86,14,27,1,23,159
43,2/12/2014,183,62,25,18,4,16,183
44,2/13/2014,154,76,29,27,7,18,154
45,2/14/2014,168,96,18,37,8,24,168
46,2/15/2014,187,107,20,24,3,21,187
47,2/16/2014,209,84,13,26,1,31,209
48,2/17/2014,182,54,14,16,1,30,182
49,2/18/2014,125,56,24,18,2,19,125
50,2/19/2014,128,72,36,28,2,19,128
51,2/20/2014,147,81,17,38,4,27,147
52,2/21/2014,161,68,8,26,4,26,161
53,2/22/2014,160,55,3,21,3,28,160
54,2/23/2014,145,68,9,29,2,27,145
55,2/24/2014,148,57,8,27,1,25,148
56,2/25/2014,133,65,1,27,2,22,133
57,2/26/2014,154,57,3,30,2,30,154
58,2/27/2014,140,47,10,22,1,25,140
59,2/28/2014,121,39,3,17,12,14,121
60,3/1/2014,106,83,5,30,2,26,106
61,3/2/2014,166,68,7,25,2,30,166
62,3/3/2014,158,71,4,21,2,25,158
63,3/4/2014,162,72,6,23,2,26,162
64,3/5/2014,160,55,3,28,2,36,160
65,3/6/2014,139,37,1,18,2,29,139
66,3/7/2014,107,30,1,16,2,25,107
67,3/8/2014,90,39,4,16,1,15,90
68,3/9/2014,97,52,2,17,1,17,97
69,3/10/2014,125,69,2,22,2,26,125
70,3/11/2014,153,56,4,25,2,29,153
71,3/12/2014,132,52,7,19,2,24,132
72,3/13/2014,138,73,11,26,2,18,138
73,3/14/2014,160,67,11,34,3,22,160
74,3/15/2014,147,50,8,25,2,19,147
75,3/16/2014,121,74,1,27,4,33,121
76,3/17/2014,157,48,2,21,2,23,157
77,3/18/2014,117,51,1,27,2,30,117
78,3/19/2014,124,59,2,26,2,28,124
79,3/20/2014,146,53,16,19,1,12,146
80,3/21/2014,131,44,7,22,1,14,131
81,3/22/2014,115,45,3,19,1,22,115
82,3/23/2014,122,47,9,30,2,22,122
83,3/24/2014,118,61,14,28,2,19,118
84,3/25/2014,133,57,7,28,2,23,133
85,3/26/2014,132,57,4,25,2,23,132
86,3/27/2014,131,44,4,20,2,23,131
87,3/28/2014,104,41,1,19,2,25,104
88,3/29/2014,101,50,5,24,2,21,101
89,3/30/2014,122,62,11,30,2,23,122
90,3/31/2014,147,64,6,33,2,28,147
91,4/1/2014,147,73,6,30,2,26,147
92,4/2/2014,164,56,4,26,5,28,164
93,4/3/2014,138,66,12,30,8,26,138
94,4/4/2014,148,66,5,35,7,30,148
95,4/5/2014,154,44,17,31,7,20,154
96,4/6/2014,107,31,13,36,8,24,107
97,4/7/2014,75,47,11,30,13,27,75
98,4/8/2014,113,43,9,25,14,20,113
99,4/9/2014,104,36,4,21,14,22,104
100,4/10/2014,88,39,3,19,14,23,88
101,4/11/2014,93,45,3,20,15,22,93
102,4/12/2014,107,45,2,20,15,21,107
103,4/13/2014,107,54,1,23,16,28,107
104,4/14/2014,126,45,2,16,15,21,126
105,4/15/2014,106,42,3,17,15,19,106
106,4/16/2014,96,49,3,21,15,25,96
107,4/17/2014,111,47,3,21,16,26,111
108,4/18/2014,110,45,1,18,16,24,110
109,4/19/2014,106,39,1,20,16,24,106
110,4/20/2014,96,38,2,16,15,22,96
111,4/21/2014,94,46,1,18,16,30,94
112,4/22/2014,109,43,1,15,16,27,109
113,4/23/2014,109,47,1,20,16,28,109
114,4/24/2014,111,51,1,22,17,27,111
115,4/25/2014,118,48,2,26,16,22,118
116,4/26/2014,105,38,16,15,15,17,105
117,4/27/2014,91,62,9,16,12,26,91
118,4/28/2014,136,81,8,17,7,24,136
119,4/29/2014,165,50,22,14,6,12,165
120,4/30/2014,116,74,31,14,6,15,116
121,5/1/2014,158,66,36,18,7,16,158
122,5/2/2014,136,58,11,18,7,19,136
123,5/3/2014,126,70,18,16,6,16,126
124,5/4/2014,134,39,35,16,7,13,134
125,5/5/2014,88,60,30,20,8,17,88
126,5/6/2014,131,74,11,24,11,29,131
127,5/7/2014,155,54,14,22,6,27,155
128,5/8/2014,124,53,26,27,7,21,124
129,5/9/2014,101,48,27,24,8,17,101
130,5/10/2014,78,61,70,24,8,14,78
131,5/11/2014,110,66,12,32,8,24,110
132,5/12/2014,134,60,23,30,7,20,134
133,5/13/2014,110,62,40,32,9,17,110
134,5/14/2014,101,54,35,27,9,16,101
135,5/15/2014,108,67,8,32,7,23,108
136,5/16/2014,133,48,13,28,9,17,133
137,5/17/2014,93,61,14,17,6,13,93
138,5/18/2014,117,58,31,33,10,28,117
139,5/19/2014,106,42,12,22,7,20,106
140,5/20/2014,85,49,14,20,7,17,85
141,5/21/2014,85,50,17,23,8,17,85
142,5/22/2014,73,58,19,26,8,16,73
143,5/23/2014,95,58,18,22,7,14,95
144,5/24/2014,108,54,10,17,6,12,108
145,5/25/2014,105,55,15,21,7,24,105
146,5/26/2014,104,48,7,24,6,23,104
147,5/27/2014,99,47,12,30,7,24,99
148,5/28/2014,96,65,5,16,6,23,96
149,5/29/2014,137,68,8,20,6,20,137
150,5/30/2014,119,39,12,17,7,17,119
151,5/31/2014,76,59,10,5,6,14,76
152,6/1/2014,105,53,22,17,7,16,105
153,6/2/2014,101,55,14,24,7,17,101
154,6/3/2014,101,59,16,18,6,19,101
155,6/4/2014,113,93,25,25,7,23,113
156,6/5/2014,177,45,17,27,8,21,177
157,6/6/2014,92,41,37,21,7,13,92
158,6/7/2014,92,49,37,19,7,14,92
159,6/8/2014,106,67,34,30,8,21,106
160,6/9/2014,126,68,13,28,8,21,126
161,6/10/2014,141,37,27,18,13,12,141
162,6/17/2014,65,56,7,41,7,28,65
163,6/18/2014,117,62,6,32,6,27,117
164,6/19/2014,122,54,11,23,7,20,122
165,6/20/2014,97,61,31,27,6,20,97
166,6/21/2014,111,49,8,17,6,15,111
167,6/22/2014,118,74,22,32,6,31,118
168,6/23/2014,151,82,10,37,6,26,151
169,6/24/2014,162,61,5,34,6,27,162
170,6/25/2014,115,54,17,22,7,19,115
171,6/26/2014,105,62,15,27,7,19,105
172,6/27/2014,125,40,10,24,7,17,125
173,6/28/2014,89,57,7,28,7,18,89
174,6/29/2014,116,53,7,21,7,17,116
175,6/30/2014,119,38,6,23,7,20,119
176,7/1/2014,92,44,6,25,7,21,92
177,7/2/2014,95,26,6,24,7,19,95
178,7/3/2014,57,20,6,27,7,18,57
179,7/4/2014,54,24,6,23,7,19,54
180,7/5/2014,71,30,6,28,7,20,71
181,7/6/2014,90,16,6,28,7,20,90
182,7/7/2014,55,25,18,21,7,15,55
183,7/8/2014,73,36,4,27,8,21,73
184,7/9/2014,80,39,15,21,9,19,80
185,7/10/2014,85,55,4,24,8,23,85
186,7/11/2014,110,43,2,17,10,18,110
187,7/12/2014,96,19,2,7,9,10,96
188,7/13/2014,53,29,18,19,12,10,53
189,7/15/2014,50,44,2,29,9,25,50
190,7/16/2014,80,36,2,27,8,27,80
191,7/17/2014,83,52,23,14,9,12,83
192,7/18/2014,114,43,6,12,8,9,114
193,7/19/2014,92,18,3,16,8,14,92
194,7/20/2014,48,13,3,24,8,23,48
195,7/21/2014,46,20,10,34,9,21,46
196,7/22/2014,67,17,30,22,9,17,67
197,7/23/2014,59,25,26,30,10,20,59
198,7/24/2014,79,17,3,11,8,7,79
199,7/25/2014,64,29,18,19,12,10,64
200,7/27/2014,50,20,6,31,10,26,50
201,7/28/2014,69,18,13,23,9,18,69
202,7/29/2014,64,21,8,20,9,17,64
203,7/30/2014,71,30,9,31,10,22,71
204,7/31/2014,94,12,4,26,10,21,94
205,8/1/2014,47,13,13,24,10,17,47
206,8/2/2014,50,18,21,19,10,12,50
207,8/3/2014,59,29,17,24,10,18,59
208,8/4/2014,86,36,3,21,10,21,86
209,8/5/2014,108,29,2,24,9,23,108
210,8/6/2014,50,29,3,27,10,29,50
211,8/7/2014,50,29,4,27,10,21,50
212,8/8/2014,50,29,6,25,10,21,50
213,8/9/2014,50,29,7,10,11,18,50
214,8/10/2014,50,29,4,20,11,20,50
215,8/11/2014,50,29,26,19,11,16,50
216,8/12/2014,50,29,16,15,9,10,50
217,8/13/2014,50,29,25,19,10,13,50
218,8/14/2014,50,29,6,20,10,15,50
219,8/15/2014,50,29,4,25,11,20,50
220,8/17/2014,50,29,4,32,11,26,50
221,8/18/2014,50,29,4,17,10,17,50
222,8/19/2014,50,29,15,23,10,19,50
223,8/20/2014,50,53,7,42,15,29,53
224,8/21/2014,118,45,4,23,11,25,118
225,8/22/2014,100,44,3,21,12,18,100
226,8/23/2014,85,48,3,21,12,22,85
227,8/24/2014,108,36,3,23,12,22,108
228,8/25/2014,84,29,4,18,11,18,84
229,8/26/2014,50,41,9,17,11,14,50
230,8/27/2014,94,38,12,13,11,9,94
231,8/28/2014,94,23,6,16,10,16,94
232,8/29/2014,63,38,10,21,11,14,63
233,8/30/2014,86,59,25,22,12,18,86
234,8/31/2014,127,44,5,16,12,13,127
235,9/1/2014,105,30,4,20,11,21,105
236,9/2/2014,75,52,4,23,11,23,75
237,9/3/2014,117,54,5,30,13,25,117
238,9/4/2014,109,40,3,26,13,25,109
239,9/5/2014,72,48,3,23,13,23,72
240,9/6/2014,90,54,37,25,13,18,90
241,9/7/2014,110,74,20,34,13,27,110
242,9/8/2014,158,56,15,29,12,23,158
243,9/9/2014,121,48,4,21,12,20,121
244,9/10/2014,99,43,3,24,12,21,99
245,9/11/2014,85,47,3,24,12,24,85
246,9/12/2014,94,48,8,26,12,20,94
247,9/13/2014,94,51,14,26,12,18,94
248,9/14/2014,111,44,19,23,12,15,111
249,9/15/2014,103,42,18,11,12,10,103
250,9/16/2014,106,22,19,12,12,11,106
251,9/17/2014,59,30,5,19,12,21,59
252,9/18/2014,75,60,5,27,12,26,75
253,9/19/2014,133,45,4,20,12,20,133
254,9/20/2014,103,36,19,22,12,16,103
255,9/21/2014,87,57,6,19,12,14,87
256,9/22/2014,130,57,41,44,12,10,130
257,9/23/2014,117,74,23,30,12,10,117
258,9/24/2014,146,88,40,19,12,28,146
259,9/25/2014,173,78,3,52,12,26,173
260,9/26/2014,160,57,3,26,12,24,160
261,9/27/2014,132,43,3,19,12,18,132
262,9/28/2014,104,36,2,17,12,25,104
263,9/29/2014,81,37,7,25,12,20,81
264,9/30/2014,89,42,5,29,12,24,89
265,10/1/2014,103,37,12,29,16,24,103
266,10/2/2014,94,41,16,32,16,25,94
267,10/3/2014,104,31,14,25,16,22,104
268,10/4/2014,83,12,7,13,16,10,83
269,10/5/2014,43,24,35,20,16,12,43
270,10/6/2014,75,25,25,33,16,19,75
271,10/7/2014,75,34,31,32,16,23,75
272,10/8/2014,96,38,31,34,16,22,96
273,10/9/2014,106,39,38,37,16,30,106
274,10/10/2014,109,45,30,26,16,22,109
275,10/11/2014,123,40,19,24,16,14,123
276,10/12/2014,78,8,25,37,16,19,78
277,10/13/2014,28,11,28,38,16,20,38
278,10/14/2014,38,40,29,33,16,19,40
279,10/15/2014,78,40,27,39,16,25,78
280,10/16/2014,78,40,15,32,16,31,78
281,10/17/2014,78,40,15,29,16,21,78
282,10/18/2014,78,40,14,29,16,20,78
283,10/19/2014,78,40,12,26,16,23,78
284,10/20/2014,78,40,15,26,16,26,78
285,10/21/2014,78,40,6,15,16,14,78
286,10/22/2014,78,40,9,20,16,17,78
287,10/23/2014,78,40,10,24,16,18,78
288,10/24/2014,78,40,11,15,16,17,78
289,10/27/2014,78,40,14,22,16,27,78
290,10/28/2014,78,40,4,15,16,18,78
291,10/29/2014,78,40,8,14,16,20,78
292,10/30/2014,78,40,4,15,16,23,78
293,10/31/2014,78,40,4,14,16,19,78
294,11/1/2014,78,40,5,13,16,13,78
295,11/2/2014,78,40,5,17,16,12,78
296,11/3/2014,78,40,12,26,16,18,78
297,11/4/2014,78,40,18,31,16,27,78
298,11/5/2014,78,40,10,14,16,17,78
299,11/6/2014,78,40,3,11,16,12,78
300,11/7/2014,78,40,3,14,16,11,78
301,11/8/2014,78,40,2,14,16,13,78
302,11/9/2014,78,40,19,13,16,22,78
303,11/10/2014,78,40,17,11,16,16,78
304,11/11/2014,78,40,9,14,16,12,78
305,11/12/2014,78,40,23,17,16,12,78
306,11/13/2014,78,40,27,24,16,14,78
307,11/14/2014,78,40,15,27,16,17,78
308,11/15/2014,78,40,21,15,16,12,78
309,11/16/2014,78,40,15,17,16,13,78
310,11/17/2014,78,40,17,16,16,12,78
311,11/18/2014,78,40,30,20,16,17,78
312,11/19/2014,78,40,27,31,16,19,78
313,11/20/2014,78,40,20,36,16,24,78
314,11/21/2014,78,40,24,26,16,18,78
315,11/22/2014,78,40,43,25,16,17,78
316,11/23/2014,78,40,67,23,16,21,78
317,11/24/2014,78,40,73,24,16,17,78
318,11/25/2014,78,40,189,19,16,14,189
319,11/26/2014,78,40,189,18,16,19,189
320,11/27/2014,78,40,185,16,16,16,185
321,11/28/2014,78,40,196,14,16,10,196
322,11/29/2014,78,40,181,18,16,16,181
323,11/30/2014,78,40,118,21,16,17,118
324,12/1/2014,78,40,20,15,16,14,78
325,12/2/2014,78,40,10,15,16,15,78
326,12/3/2014,78,40,9,17,16,14,78
327,12/4/2014,78,40,12,23,16,14,78
328,12/5/2014,78,40,11,25,16,15,78
329,12/6/2014,78,40,11,13,16,9,78
330,12/7/2014,78,40,15,24,16,12,78
331,12/8/2014,78,40,8,31,16,21,78
332,12/9/2014,78,40,9,16,16,13,78
333,12/10/2014,78,40,9,17,16,12,78
334,12/11/2014,78,40,9,14,16,11,78
335,12/12/2014,78,40,10,22,16,15,78
336,12/13/2014,78,40,10,31,16,16,78
337,12/14/2014,78,40,10,30,16,18,78
338,12/15/2014,78,40,10,21,16,11,78
339,12/16/2014,78,40,10,20,16,13,78
340,12/17/2014,78,40,10,27,16,26,78
341,12/18/2014,78,40,10,30,16,37,78
342,12/19/2014,78,40,10,31,16,23,78
343,12/20/2014,78,40,10,21,16,14,78
344,12/21/2014,78,40,10,23,16,17,78
345,12/22/2014,78,40,10,35,16,23,78
346,12/23/2014,78,40,10,43,16,31,78
347,12/24/2014,78,40,11,39,16,31,78
348,12/25/2014,78,40,11,25,16,27,78
349,12/26/2014,78,40,10,15,4,14,78
350,1/3/2016,95,48,17,20,6,23,95
351,1/4/2016,188,48,23,19,6,22,188
352,1/5/2016,168,48,13,19,12,14,168
353,1/10/2016,95,48,7,14,6,13,95
354,1/11/2016,99,6,25,16,6,24,99
355,1/12/2016,30,4,13,14,6,19,30
356,1/13/2016,14,3,11,10,6,18,18
357,1/14/2016,9,1,11,7,6,9,11
358,1/15/2016,6,48,13,19,12,14,48
359,1/18/2016,95,7,5,3,6,13,95
360,1/19/2016,20,6,11,19,6,10,20
361,1/20/2016,20,5,10,19,6,13,20
362,1/21/2016,18,2,10,19,6,11,19
363,1/22/2016,6,3,20,19,6,5,20
364,1/23/2016,8,4,28,19,6,2,28
365,1/24/2016,12,42,15,5,6,5,42
366,1/25/2016,78,48,14,19,6,4,78
367,1/26/2016,95,30,17,1,6,8,95
368,1/27/2016,87,9,14,19,6,12,87
369,1/28/2016,41,48,13,19,12,14,48
370,2/18/2016,95,9,18,26,6,14,95
371,2/19/2016,34,9,12,31,6,16,34
372,2/20/2016,27,48,13,19,12,14,48
373,2/21/2016,95,5,16,25,6,17,95
374,2/22/2016,16,3,15,16,6,10,16
375,2/23/2016,10,48,19,16,6,9,48
376,2/24/2016,95,48,14,12,7,6,95
377,2/25/2016,95,72,12,17,6,20,95
378,2/26/2016,159,60,19,16,7,14,159
379,2/27/2016,143,80,30,22,7,16,143
380,2/28/2016,157,83,29,27,7,17,157
381,2/29/2016,150,99,40,31,7,25,150
382,3/1/2016,167,48,13,19,12,14,167
383,3/3/2016,95,54,2,21,7,19,95
384,3/4/2016,123,44,4,14,7,25,123
385,3/5/2016,114,56,22,13,7,14,114
386,3/6/2016,137,49,20,9,7,13,137
387,3/7/2016,118,34,74,6,7,21,118
388,3/8/2016,89,43,54,11,7,20,89
389,3/9/2016,104,37,14,14,7,11,104
390,3/10/2016,70,54,19,19,7,13,70
391,3/11/2016,101,61,14,17,7,16,101
392,3/12/2016,143,53,19,14,7,11,143
393,3/13/2016,132,62,16,23,7,16,132
394,3/14/2016,134,61,19,23,7,19,134
395,3/15/2016,136,52,18,20,7,22,136
396,3/16/2016,125,53,17,18,7,21,125
397,3/17/2016,126,53,50,12,7,21,126
398,3/18/2016,134,56,60,10,7,20,134
399,3/19/2016,136,33,4,6,7,5,136
400,3/20/2016,98,54,52,6,7,16,98
401,3/21/2016,125,48,67,6,7,24,125
402,3/22/2016,115,45,23,7,7,15,115
403,3/23/2016,110,48,13,19,12,14,110
404,3/30/2016,95,63,3,18,12,26,95
405,3/31/2016,148,60,15,12,12,24,148
406,4/1/2016,139,33,38,8,13,16,139
407,4/2/2016,89,44,26,7,13,12,89
408,4/3/2016,102,43,25,7,13,17,102
409,4/4/2016,95,45,28,6,13,14,95
410,4/5/2016,100,46,50,7,13,14,100
411,4/6/2016,101,51,47,5,13,19,101
412,4/7/2016,112,44,46,9,13,23,112
413,4/8/2016,106,53,17,6,13,9,106
414,4/9/2016,125,37,27,18,13,12,125
415,4/12/2016,65,63,32,22,13,26,65
416,4/13/2016,141,64,101,17,13,24,141
417,4/14/2016,143,60,118,12,13,21,143
418,4/15/2016,143,37,27,18,13,12,143
419,4/18/2016,65,48,27,11,13,18,65
420,4/19/2016,98,30,27,11,13,11,98
421,4/20/2016,74,40,29,10,13,24,74
422,4/21/2016,91,24,36,15,13,26,91
423,4/22/2016,66,37,27,18,13,12,66
424,4/24/2016,65,30,74,13,13,26,74
425,4/25/2016,62,42,97,10,13,27,97
426,4/26/2016,86,48,161,8,13,31,161
427,4/27/2016,102,46,114,14,13,31,114
428,4/28/2016,92,50,95,11,13,43,95
429,4/29/2016,116,44,96,9,13,31,116
430,4/30/2016,104,23,66,8,13,21,104
431,5/1/2016,64,27,151,3,13,8,151
432,5/2/2016,77,37,27,18,13,12,77
433,5/8/2016,65,38,122,8,13,28,122
434,5/9/2016,85,38,167,10,13,25,167
435,5/10/2016,85,49,116,13,13,30,116
436,5/11/2016,102,38,131,14,12,33,131
437,5/12/2016,84,31,159,12,12,23,159
438,5/13/2016,72,27,128,6,11,21,128
439,5/14/2016,61,34,145,5,11,18,145
440,5/15/2016,74,39,52,9,11,15,74
441,5/16/2016,71,37,43,12,11,25,71
442,5/17/2016,71,14,76,9,11,27,76
443,5/18/2016,29,13,166,6,11,26,166
444,5/19/2016,27,12,159,7,11,21,159
445,5/20/2016,26,4,136,6,11,17,136
446,5/21/2016,13,5,111,8,11,30,111
447,5/22/2016,15,5,94,9,11,37,94
448,5/23/2016,15,4,131,4,11,27,131
449,5/24/2016,13,5,133,5,11,32,133
450,5/25/2016,15,34,155,2,11,22,155
451,5/26/2016,76,25,156,4,11,34,156
452,5/27/2016,53,14,146,6,11,25,146
453,5/28/2016,25,6,150,4,11,26,150
454,5/29/2016,18,4,116,5,11,36,116
455,5/30/2016,13,6,83,5,11,22,83
456,5/31/2016,14,6,62,4,11,19,62
457,6/1/2016,11,9,45,5,11,20,45
458,6/2/2016,14,6,36,5,12,20,36
459,6/3/2016,10,4,33,5,11,25,33
460,6/4/2016,8,37,27,18,13,12,37
461,6/6/2016,65,4,22,15,12,29,65
462,6/7/2016,8,37,27,18,13,12,37
463,6/21/2016,65,63,20,4,13,24,65
464,6/22/2016,150,38,33,5,13,28,150
465,6/23/2016,78,36,23,7,13,27,78
466,6/24/2016,72,37,23,9,13,26,72
467,6/25/2016,79,40,21,9,13,18,79
468,6/26/2016,79,28,25,8,13,26,79
469,6/27/2016,69,33,26,8,13,26,69
470,6/28/2016,73,35,8,3,13,28,73
471,6/29/2016,81,30,8,2,13,36,81
472,6/30/2016,73,22,8,2,13,18,73
473,7/1/2016,52,28,8,3,13,17,52
474,7/2/2016,59,29,18,19,12,10,59
475,7/6/2016,50,29,8,5,13,38,50
476,7/7/2016,68,59,8,2,13,24,68
477,7/8/2016,142,29,18,19,12,10,142
478,7/12/2016,50,38,8,5,12,10,50
479,7/13/2016,88,29,9,9,13,29,88
480,7/14/2016,71,34,9,11,13,20,71
481,7/15/2016,71,6,8,6,13,14,71
482,7/16/2016,15,29,18,19,12,10,29
483,7/25/2016,50,25,8,25,15,13,50
484,7/26/2016,50,35,8,15,13,10,50
485,7/27/2016,59,29,18,19,12,10,59
486,8/7/2016,50,29,9,15,13,14,50
487,8/8/2016,63,31,9,13,14,16,63
488,8/9/2016,69,30,9,8,14,15,69
489,8/10/2016,71,29,9,10,13,18,71
490,8/11/2016,74,19,9,9,12,14,74
491,8/12/2016,56,17,9,7,12,13,56
492,8/13/2016,45,7,9,9,12,18,45
493,8/14/2016,21,9,10,8,12,11,21
494,8/15/2016,27,29,18,19,12,10,29
495,8/16/2016,50,29,9,8,12,21,50
496,8/17/2016,50,29,10,8,12,16,50
497,8/19/2016,50,29,9,8,13,19,50
498,8/21/2016,50,32,9,8,13,25,50
499,8/22/2016,77,35,9,9,13,21,77
500,8/23/2016,85,46,9,9,13,17,85
501,8/24/2016,100,56,9,9,13,17,100
502,8/25/2016,117,55,9,10,13,16,117
503,8/26/2016,112,28,9,8,13,11,112
504,8/27/2016,66,20,9,7,13,14,66
505,8/28/2016,56,45,9,12,13,22,56
506,8/29/2016,99,63,10,18,13,26,99
507,8/30/2016,136,51,10,15,13,24,136
508,8/31/2016,108,31,9,11,13,19,108
509,9/1/2016,64,21,10,7,13,10,64
510,9/2/2016,56,36,10,10,13,15,56
511,9/3/2016,82,53,13,11,13,17,82
512,9/4/2016,121,55,13,12,13,19,121
513,9/5/2016,128,47,18,9,13,21,128
514,9/6/2016,112,30,10,10,13,21,112
515,9/7/2016,80,47,13,11,14,26,80
516,9/8/2016,105,44,11,14,14,26,105
517,9/9/2016,86,39,9,2,13,9,86
518,9/10/2016,86,29,18,19,12,10,86
519,9/13/2016,50,50,7,17,13,31,50
520,9/14/2016,91,54,7,8,12,17,91
521,9/15/2016,123,29,18,19,12,10,123
522,10/4/2016,78,65,7,24,11,54,78
523,10/5/2016,146,62,5,11,14,44,146
524,10/6/2016,120,36,6,11,14,35,120
525,10/7/2016,78,40,19,24,16,14,78
526,10/10/2016,78,2,4,17,14,44,78
527,10/11/2016,6,40,5,12,14,29,40
528,10/12/2016,78,60,1,7,12,44,78
529,10/13/2016,139,55,1,4,13,22,139
530,10/14/2016,132,40,19,24,16,14,132
531,10/17/2016,78,44,2,25,13,19,78
532,10/18/2016,76,34,1,42,14,32,76
533,10/19/2016,49,38,2,72,16,59,72
534,10/20/2016,75,40,19,24,16,14,75
535,10/22/2016,78,52,4,49,14,53,78
536,10/23/2016,115,40,19,24,16,14,115
537,10/24/2016,78,30,3,32,13,13,78
538,10/25/2016,75,29,11,31,13,41,75
539,10/26/2016,70,34,3,31,13,37,70
540,10/27/2016,78,39,6,45,14,47,78
541,10/28/2016,84,41,4,45,14,37,84
542,10/29/2016,92,26,2,34,14,21,92
543,10/30/2016,74,31,1,33,13,28,74
544,10/31/2016,83,23,1,31,14,24,83
545,11/1/2016,65,31,1,33,17,28,65
546,11/2/2016,80,37,2,52,15,47,80
547,11/3/2016,84,71,1,46,15,36,84
548,11/4/2016,163,58,2,63,14,50,163
549,11/5/2016,121,59,2,57,15,54,121
550,11/6/2016,135,61,2,48,15,65,135
551,11/7/2016,139,29,16,17,10,33,139
552,11/8/2016,78,10,17,5,9,19,78
553,11/9/2016,37,21,19,6,9,22,37
554,11/10/2016,61,42,28,14,10,35,61
555,11/11/2016,99,68,45,13,13,58,99
556,11/12/2016,154,56,44,9,10,42,154
557,11/13/2016,130,30,20,5,9,40,130
558,11/14/2016,75,35,23,6,10,47,75
559,11/15/2016,75,39,25,6,10,54,75
560,11/16/2016,87,44,29,10,15,54,87
561,11/17/2016,96,51,33,8,12,57,96
562,11/18/2016,114,52,53,13,13,49,114
563,11/19/2016,123,44,41,10,12,37,123
564,11/20/2016,109,42,44,13,12,59,109
565,11/21/2016,98,36,36,7,12,57,98
566,11/22/2016,87,27,33,8,13,46,87
567,11/23/2016,70,26,23,5,12,24,70
568,11/24/2016,72,35,23,8,13,29,72
569,11/25/2016,95,25,16,6,12,20,95
570,11/26/2016,63,39,35,14,14,27,63
571,11/27/2016,96,51,41,19,21,38,96
572,11/28/2016,120,48,21,17,17,44,120
573,11/29/2016,115,39,30,13,15,25,115
574,11/30/2016,100,35,35,13,14,32,100
575,12/1/2016,90,40,19,24,16,14,90
576,12/3/2016,78,78,40,18,15,102,102
577,12/4/2016,169,69,67,13,22,56,169
578,12/5/2016,164,45,30,10,18,35,164
579,12/6/2016,143,52,48,15,23,54,143
580,12/7/2016,131,61,43,15,19,77,131
581,12/8/2016,144,69,79,25,26,59,144
582,12/9/2016,164,62,42,24,28,58,164
583,12/10/2016,152,64,57,20,19,46,152
584,12/11/2016,154,43,31,10,12,44,154
585,12/12/2016,114,33,30,8,15,50,114
586,12/13/2016,90,31,18,7,14,31,90
587,12/14/2016,91,24,14,7,10,25,91
588,12/15/2016,76,42,22,10,15,39,76
589,12/16/2016,112,46,25,16,22,52,112
590,12/17/2016,119,60,34,15,28,56,119
591,12/18/2016,156,62,49,5,20,76,156
592,12/19/2016,147,28,18,2,11,44,147
593,12/20/2016,81,31,19,3,14,52,81
594,12/21/2016,85,25,15,4,14,31,85
595,12/22/2016,72,43,27,11,18,50,72
596,12/23/2016,113,29,19,6,15,53,113
597,12/24/2016,82,13,15,3,12,38,82
598,12/25/2016,42,10,14,4,13,48,48
599,12/26/2016,31,3,11,8,12,25,31
600,12/27/2016,8,25,25,12,16,50,50
601,12/28/2016,62,57,28,13,24,53,62
602,12/29/2016,139,58,29,15,22,61,139
603,12/30/2016,143,75,38,17,23,58,143
604,12/31/2016,171,40,19,24,16,14,171
605,1/1/2017,95,60,23,6,12,70,95
606,1/2/2017,158,61,36,11,17,69,158
607,1/3/2017,159,42,20,8,18,66,159
608,1/4/2017,115,26,9,6,12,28,115
609,1/5/2017,80,35,15,7,12,48,80
610,1/6/2017,102,37,20,9,12,40,102
611,1/7/2017,104,35,15,7,14,44,104
612,1/8/2017,104,26,15,4,13,54,104
613,1/9/2017,81,35,17,19,12,85,85
614,1/10/2017,106,18,10,4,10,40,106
615,1/11/2017,65,6,1,5,8,20,65
616,1/12/2017,24,48,13,19,12,14,48
617,1/16/2017,95,31,13,19,10,16,95
618,1/17/2017,84,44,21,13,11,35,84
619,1/18/2017,115,56,21,5,14,70,115
620,1/19/2017,147,32,9,6,13,40,147
621,1/20/2017,82,40,9,7,13,27,82
622,1/21/2017,114,42,8,6,15,23,114
623,1/22/2017,120,48,13,19,12,14,120
624,1/23/2017,95,49,19,21,17,71,95
625,1/24/2017,129,52,21,14,14,51,129
626,1/25/2017,141,47,18,15,14,47,141
627,1/26/2017,129,39,15,10,13,32,129
628,1/27/2017,112,26,13,6,10,16,112
629,1/28/2017,81,17,4,6,10,20,81
630,1/29/2017,62,19,6,7,12,20,62
631,1/30/2017,68,26,9,9,12,33,68
632,1/31/2017,82,23,6,6,14,34,82
633,2/1/2017,76,26,4,8,13,39,76
634,2/2/2017,80,24,4,7,14,40,80
635,2/3/2017,77,21,9,7,11,23,77
636,2/4/2017,70,25,5,7,11,30,70
637,2/5/2017,78,22,3,8,12,37,78
638,2/6/2017,71,19,3,6,12,28,71
639,2/7/2017,62,21,4,6,13,37,62
640,2/8/2017,63,17,3,9,12,29,63
641,2/9/2017,59,123,7,11,15,18,123
642,2/10/2017,98,44,9,12,15,14,98
643,2/11/2017,125,44,12,14,15,14,125
644,2/12/2017,123,47,13,22,23,14,123
645,2/13/2017,128,50,14,14,14,14,128
646,2/14/2017,140,41,12,16,19,14,140
647,2/15/2017,113,23,3,11,13,14,113
648,2/16/2017,74,48,13,19,12,14,74
649,2/19/2017,95,14,2,6,11,14,95
650,2/20/2017,45,10,10,5,12,14,45
651,2/21/2017,39,10,13,3,11,14,39
652,2/22/2017,39,14,2,5,12,14,39
653,2/23/2017,53,16,13,9,13,14,53
654,2/24/2017,59,16,2,9,12,14,59
655,2/25/2017,59,20,4,9,14,14,59
656,2/26/2017,69,21,4,14,14,14,69
657,2/27/2017,70,27,7,12,24,14,70
658,2/28/2017,83,49,14,10,13,14,83
659,3/1/2017,126,74,20,12,16,14,126
660,3/2/2017,156,70,4,15,17,14,156
661,3/3/2017,151,63,5,10,13,14,151
662,3/4/2017,150,55,7,7,13,14,150
663,3/5/2017,131,58,1,6,17,14,131
664,3/6/2017,137,53,3,6,13,14,137
665,3/7/2017,142,48,13,19,12,14,142
666,3/9/2017,95,73,13,12,12,14,95
667,3/10/2017,160,60,13,4,11,14,160
668,3/11/2017,151,36,13,4,10,14,151
669,3/12/2017,92,35,13,3,10,14,92
670,3/13/2017,88,48,13,19,12,14,88
671,3/14/2017,95,46,15,1,11,14,95
672,3/15/2017,108,40,21,2,16,14,108
673,3/16/2017,110,43,18,3,13,14,110
674,3/17/2017,106,40,19,4,10,14,106
675,3/18/2017,99,30,20,4,10,14,99
676,3/19/2017,78,35,15,4,10,14,78
677,3/20/2017,80,28,12,5,10,14,80
678,3/21/2017,68,31,11,4,10,14,68
679,3/22/2017,74,30,11,4,10,14,74
680,3/23/2017,75,29,13,3,10,14,75
681,3/24/2017,73,28,11,6,13,14,73
682,3/25/2017,69,34,10,7,13,14,69
683,3/26/2017,77,46,10,10,14,14,77
684,3/27/2017,96,60,18,13,16,14,96
685,3/28/2017,136,48,18,8,12,14,136
686,3/29/2017,116,43,15,24,14,14,116
687,3/30/2017,101,25,10,19,13,14,101
688,3/31/2017,68,37,11,22,14,14,68
689,4/1/2017,87,48,13,34,16,12,87
690,4/2/2017,106,52,16,36,17,12,106
691,4/3/2017,116,34,9,20,13,12,116
692,4/4/2017,83,37,12,17,13,12,83
693,4/5/2017,88,34,13,14,13,12,88
694,4/6/2017,83,32,18,12,12,12,83
695,4/7/2017,79,35,20,11,12,12,79
696,4/8/2017,84,40,18,14,13,12,84
697,4/9/2017,92,46,18,18,14,12,92
698,4/10/2017,101,44,15,28,14,12,101
699,4/11/2017,94,34,12,19,13,12,94
700,4/12/2017,83,18,14,55,15,12,83
701,4/13/2017,48,23,14,75,14,12,75
702,4/14/2017,55,4,4,39,12,12,55
703,4/15/2017,14,37,27,18,13,12,37
704,4/16/2017,65,14,19,69,12,12,69
705,4/17/2017,39,8,17,36,12,12,39
706,4/18/2017,26,10,22,51,13,12,51
707,4/19/2017,30,24,15,27,13,12,30
708,4/20/2017,53,50,14,22,13,12,53
709,4/21/2017,113,37,27,18,13,12,113
710,4/24/2017,65,33,13,24,13,12,65
711,4/25/2017,78,41,16,25,13,12,78
712,4/26/2017,98,28,15,19,13,12,98
713,4/27/2017,72,38,17,29,14,12,72
714,4/28/2017,82,42,13,30,14,12,82
715,4/29/2017,87,35,14,22,13,12,87
716,4/30/2017,87,30,12,16,12,12,87
717,5/1/2017,73,30,9,15,12,12,73
718,5/2/2017,73,36,9,17,12,12,73
719,5/3/2017,83,34,16,22,13,12,83
720,5/4/2017,81,30,10,26,13,12,81
721,5/5/2017,71,35,13,24,13,12,71
722,5/6/2017,85,30,11,21,13,12,85
723,5/7/2017,74,26,10,17,12,12,74
724,5/8/2017,65,27,11,20,13,12,65
725,5/9/2017,66,26,11,19,12,12,66
726,5/10/2017,66,24,9,14,12,12,66
727,5/11/2017,60,21,16,16,12,12,60
728,5/12/2017,60,27,12,25,12,12,60
729,5/13/2017,68,24,9,16,12,12,68
730,5/14/2017,61,22,11,16,12,12,61
731,5/15/2017,57,28,12,16,12,12,57
732,5/16/2017,70,37,27,18,13,12,70
733,5/17/2017,65,26,13,17,12,12,65
734,5/18/2017,75,15,13,13,12,12,75
735,5/19/2017,56,24,11,18,12,12,56
736,5/20/2017,64,32,17,18,13,12,64
737,5/21/2017,78,27,12,15,12,12,78
738,5/22/2017,65,31,11,17,12,12,65
739,5/23/2017,72,21,14,18,11,12,72
740,5/24/2017,60,25,13,17,11,12,60
741,5/25/2017,61,26,12,21,11,12,61
742,5/26/2017,55,37,15,24,12,12,55
743,5/27/2017,81,47,16,27,12,12,81
744,5/28/2017,102,58,17,28,12,12,102
745,5/29/2017,136,37,27,18,13,12,136
746,5/30/2017,65,30,13,19,13,12,65
747,5/31/2017,72,29,15,14,14,12,72
748,6/1/2017,59,34,16,15,16,12,59
749,6/2/2017,62,27,15,14,17,12,62
750,6/3/2017,45,26,17,14,17,12,45
751,6/4/2017,49,25,17,15,18,12,49
752,6/5/2017,47,9,14,13,14,12,47
753,6/6/2017,22,3,13,13,12,12,22
754,6/7/2017,10,4,14,12,13,12,14
755,6/8/2017,12,3,14,11,13,12,14
756,6/9/2017,8,4,14,11,13,12,14
757,6/10/2017,10,37,27,18,13,12,37
758,6/11/2017,65,5,13,13,14,12,65
759,6/12/2017,14,2,15,14,13,12,15
760,6/13/2017,7,2,16,10,14,12,16
761,6/14/2017,7,4,16,12,14,12,16
762,6/15/2017,10,3,15,13,14,12,15
763,6/16/2017,9,2,14,11,13,12,14
764,6/17/2017,6,2,15,11,13,12,15
765,6/18/2017,8,3,13,11,13,12,13
766,6/19/2017,10,37,27,18,13,12,37
767,6/20/2017,65,2,14,13,13,12,65
768,6/21/2017,4,3,14,13,14,12,14
769,6/22/2017,6,9,17,10,14,12,17
770,6/23/2017,21,21,17,9,14,12,21
771,6/24/2017,52,23,17,11,14,12,52
772,6/25/2017,54,31,17,10,14,12,54
773,6/26/2017,68,23,18,9,15,12,68
774,6/27/2017,56,21,19,8,14,12,56
775,6/28/2017,53,27,19,9,13,12,53
776,6/29/2017,64,30,21,10,14,12,64
777,6/30/2017,62,36,21,11,14,12,62
778,7/1/2017,66,34,23,11,14,10,66
779,7/2/2017,64,23,23,10,14,10,64
780,7/3/2017,49,6,25,10,13,10,49
781,7/4/2017,11,5,26,8,13,10,26
782,7/5/2017,8,3,26,8,13,10,26
783,7/6/2017,5,3,26,9,13,10,26
784,7/7/2017,7,2,24,9,13,10,24
785,7/8/2017,5,2,34,8,13,10,34
786,7/9/2017,5,2,23,8,13,10,23
787,7/10/2017,7,2,22,8,13,10,22
788,7/11/2017,5,20,21,8,13,10,21
789,7/12/2017,36,33,21,8,13,10,36
790,7/13/2017,64,28,21,9,14,10,64
791,7/14/2017,46,25,21,8,13,10,46
792,7/15/2017,57,20,20,8,13,10,57
793,7/16/2017,47,14,22,7,13,10,47
794,7/17/2017,39,23,20,8,13,10,39
795,7/18/2017,61,18,22,8,13,10,61
796,7/19/2017,51,21,21,7,13,10,51
797,7/20/2017,55,27,20,8,13,10,55
798,7/21/2017,58,24,24,9,13,10,58
799,7/22/2017,63,20,18,10,14,10,63
800,7/23/2017,47,39,20,13,14,10,47
801,7/24/2017,82,35,18,7,13,10,82
802,7/25/2017,96,29,18,19,12,10,96
803,8/6/2017,50,21,13,17,13,10,50
804,8/7/2017,44,22,19,12,15,10,44
805,8/8/2017,44,23,18,7,14,10,44
806,8/9/2017,57,29,18,19,12,10,57
807,8/10/2017,50,21,14,9,12,10,50
808,8/11/2017,46,17,19,9,13,10,46
809,8/12/2017,32,26,18,10,15,10,32
810,8/13/2017,60,27,18,10,15,10,60
811,8/14/2017,67,16,20,7,13,10,67
812,8/15/2017,46,13,19,8,14,10,46
813,8/16/2017,41,15,18,8,14,10,41
814,8/17/2017,48,33,18,8,13,10,48
815,8/18/2017,91,28,17,13,15,10,91
816,8/19/2017,70,29,18,19,12,10,70
817,8/21/2017,50,25,16,2,15,10,50
818,8/22/2017,62,35,18,2,16,10,62
819,8/23/2017,82,102,498,3,15,10,498
820,8/24/2017,35,53,5,1,13,10,53
821,8/25/2017,90,18,18,19,14,10,90
822,8/26/2017,57,21,18,19,14,10,57
823,8/27/2017,58,19,18,19,14,10,58
824,8/28/2017,51,12,18,19,14,10,51
825,8/29/2017,38,13,18,19,14,10,38
826,8/30/2017,39,29,18,19,15,10,39
827,8/31/2017,79,21,18,19,15,10,79
828,9/1/2017,58,14,18,19,15,10,58
829,9/2/2017,45,12,18,19,14,10,45
830,9/3/2017,39,24,18,19,15,10,39
831,9/4/2017,68,18,18,19,15,10,68
832,9/5/2017,52,18,18,19,14,10,52
833,9/6/2017,53,29,18,19,12,10,53
834,9/8/2017,50,12,18,19,15,10,50
835,9/9/2017,40,7,18,19,13,10,40
836,9/10/2017,26,29,18,19,12,10,29
837,9/18/2017,50,18,18,19,13,10,50
838,9/19/2017,50,18,18,19,14,10,50
839,9/20/2017,45,23,18,19,13,10,45
840,9/21/2017,63,24,18,19,13,10,63
841,9/22/2017,72,29,18,19,12,10,72
842,9/24/2017,50,14,18,19,13,10,50
843,9/25/2017,53,15,18,19,13,10,53
844,9/26/2017,36,23,18,19,13,10,36
845,9/27/2017,62,24,18,19,14,10,62
846,9/28/2017,59,24,18,19,14,10,59
847,9/29/2017,61,21,18,19,14,10,61
848,9/30/2017,55,10,18,19,13,10,55
849,10/1/2017,30,23,19,24,17,14,30
850,10/2/2017,54,14,19,24,13,14,54
851,10/3/2017,48,13,19,24,13,14,48
852,10/4/2017,42,16,19,24,13,14,42
853,10/5/2017,48,17,19,24,13,14,48
854,10/6/2017,50,10,19,24,13,14,50
855,10/7/2017,38,40,19,24,16,14,40
856,10/10/2017,78,8,19,24,13,14,78
857,10/11/2017,33,17,19,24,13,14,33
858,10/12/2017,56,17,19,24,13,14,56
859,10/13/2017,54,18,19,24,12,14,54
860,10/14/2017,59,13,19,24,14,14,59
861,10/15/2017,42,7,19,24,12,14,42
862,10/16/2017,30,4,19,24,12,14,30
863,10/17/2017,14,5,19,24,12,14,24
864,10/18/2017,17,16,19,24,13,14,24
865,10/19/2017,49,40,19,24,16,14,49
866,10/22/2017,78,15,19,24,14,14,78
867,10/23/2017,46,6,19,24,13,14,46
868,10/24/2017,20,12,19,24,14,14,24
869,10/25/2017,38,18,19,24,14,14,38
870,10/26/2017,53,6,19,24,13,14,53
871,10/27/2017,26,40,19,24,16,14,40
872,10/29/2017,78,34,19,24,15,14,78
873,10/30/2017,98,26,19,24,13,14,98
874,10/31/2017,80,31,19,24,13,14,80
875,11/1/2017,86,30,19,24,13,14,86
876,11/2/2017,86,29,19,24,13,14,86
877,11/3/2017,79,23,19,24,14,14,79
878,11/4/2017,58,23,19,24,14,14,58
879,11/5/2017,68,19,19,24,13,14,68
880,11/6/2017,64,11,19,24,13,14,64
881,11/7/2017,32,11,19,24,13,14,32
882,11/8/2017,40,4,19,24,13,14,40
883,11/9/2017,16,7,19,24,13,14,24
884,11/10/2017,24,8,19,24,13,14,24
885,11/11/2017,30,4,19,24,13,14,30
886,11/12/2017,18,2,19,24,13,14,24
887,11/13/2017,9,5,19,24,13,14,24
888,11/14/2017,19,10,19,24,13,14,24
889,11/15/2017,38,7,19,24,16,14,38
890,11/16/2017,27,7,19,24,17,14,27
891,11/17/2017,23,7,19,24,15,14,24
892,11/18/2017,18,5,19,24,13,14,24
893,11/19/2017,23,7,19,24,13,14,24
894,11/20/2017,23,9,19,24,13,14,24
895,11/21/2017,36,8,19,24,13,14,36
896,11/22/2017,33,40,19,24,16,14,40
897,11/23/2017,78,6,19,24,13,14,78
898,11/24/2017,26,5,19,24,13,14,26
899,11/25/2017,19,5,19,24,13,14,24
900,11/26/2017,18,3,19,24,14,14,24
901,11/27/2017,9,60,19,24,13,14,60
902,11/28/2017,141,65,19,24,13,14,141
903,11/29/2017,154,61,19,24,13,14,154
904,11/30/2017,146,30,19,24,13,14,146
905,12/1/2017,83,38,19,24,13,14,83
906,12/2/2017,108,49,19,24,14,14,108
907,12/3/2017,125,34,19,24,13,14,125
908,12/4/2017,96,28,19,24,13,14,96
909,12/5/2017,79,42,19,24,13,14,79
910,12/6/2017,111,52,19,24,37,14,111
911,12/7/2017,142,34,19,24,36,14,142
912,12/8/2017,99,33,19,24,37,14,99
913,12/9/2017,93,52,19,24,36,14,93
914,12/10/2017,144,46,19,24,37,14,144
915,12/11/2017,129,48,19,24,35,14,129
916,12/12/2017,140,37,19,24,36,14,140
917,12/13/2017,102,31,19,24,35,14,102
918,12/14/2017,85,20,19,24,36,14,85
919,12/15/2017,63,19,19,24,36,14,63
920,12/16/2017,59,39,19,24,36,14,59
921,12/17/2017,109,50,19,24,38,14,109
922,12/18/2017,131,38,19,24,44,14,131
923,12/19/2017,105,46,19,24,46,14,105
924,12/20/2017,121,44,19,24,46,14,121
925,12/21/2017,117,52,19,24,52,14,117
926,12/22/2017,132,56,19,24,47,14,132
927,12/23/2017,148,44,19,24,40,14,148
928,12/24/2017,121,56,19,24,46,14,121
929,12/25/2017,142,66,19,24,47,14,142
930,12/26/2017,160,55,19,24,37,14,160
931,12/27/2017,150,44,19,24,37,14,150
932,12/28/2017,127,52,19,24,40,14,127
933,12/29/2017,142,20,19,24,37,14,142
934,12/30/2017,67,33,19,24,38,14,67
935,12/31/2017,94,46,19,24,43,14,94
936,1/1/2018,123,60,13,19,41,14,123
937,1/2/2018,158,43,13,19,39,14,158
938,1/3/2018,118,40,13,19,38,14,118
939,1/4/2018,113,28,13,19,37,14,113
940,1/5/2018,83,23,13,19,36,14,83
941,1/6/2018,73,21,13,19,36,14,73
942,1/7/2018,71,14,13,19,36,14,71
943,1/8/2018,46,31,13,19,36,14,46
944,1/9/2018,91,35,13,19,41,14,91
945,1/10/2018,100,39,13,19,44,14,100
946,1/11/2018,110,43,13,19,46,14,110
947,1/12/2018,118,51,13,19,49,14,118
948,1/13/2018,131,55,13,19,43,14,131
949,1/14/2018,148,55,13,19,42,14,148
950,1/15/2018,143,45,13,19,40,14,143
951,1/16/2018,128,44,13,19,41,14,128
952,1/17/2018,126,38,13,19,40,14,126
953,1/18/2018,110,26,13,19,44,14,110
954,1/19/2018,76,34,13,19,40,14,76
955,1/20/2018,103,33,13,19,38,14,103
956,1/21/2018,100,21,13,19,38,14,100
957,1/22/2018,70,18,13,19,37,14,70
958,1/23/2018,64,19,13,19,37,14,64
959,1/24/2018,67,14,13,19,37,14,67
960,1/25/2018,55,15,13,19,37,14,55
961,1/26/2018,57,16,13,19,38,14,57
962,1/27/2018,61,14,13,19,36,14,61
963,1/28/2018,52,22,13,19,37,14,52
964,1/29/2018,69,39,13,19,37,14,69
965,1/30/2018,110,39,13,19,37,14,110
966,1/31/2018,111,39,13,19,44,14,111
967,2/1/2018,109,36,13,19,44,14,109
968,2/2/2018,99,33,13,19,45,14,99
969,2/3/2018,93,36,13,19,49,14,93
970,2/4/2018,100,38,13,19,42,14,100
971,2/5/2018,107,38,13,19,38,14,107
972,2/6/2018,105,41,13,19,40,14,105
973,2/7/2018,117,39,13,19,36,14,117
974,2/8/2018,112,12,13,19,34,14,112
975,2/9/2018,42,44,13,19,24,14,44
976,2/10/2018,124,38,13,19,22,14,124
977,2/11/2018,115,40,13,19,22,14,115
978,2/12/2018,119,44,13,19,28,14,119
979,2/13/2018,126,15,13,19,24,14,126
980,2/14/2018,50,6,13,19,23,14,50
981,2/15/2018,24,17,13,19,23,14,24
982,2/16/2018,63,48,13,19,12,14,63
983,2/20/2018,95,10,13,19,23,14,95
984,2/21/2018,44,11,13,19,23,14,44
985,2/22/2018,42,9,13,19,24,14,42
986,2/23/2018,40,48,13,19,12,14,48
987,2/25/2018,95,7,13,19,26,14,95
988,2/26/2018,29,1,13,19,25,14,29
989,2/27/2018,6,1,13,19,24,14,24
990,2/28/2018,4,1,13,19,24,14,24
991,3/1/2018,4,1,13,19,24,14,24
992,3/2/2018,3,1,13,19,24,14,24
993,3/3/2018,3,1,13,19,24,14,24
994,3/4/2018,4,1,13,19,24,14,24
995,3/5/2018,2,48,13,19,24,14,48
996,3/6/2018,95,48,13,19,24,14,95
997,3/7/2018,95,24,13,19,25,14,95
998,3/8/2018,55,38,13,19,29,14,55
999,3/9/2018,82,46,13,19,29,14,82
1000,3/10/2018,94,53,13,19,30,14,94
1001,3/11/2018,121,57,13,19,26,14,121
1002,3/12/2018,135,52,13,19,27,14,135
1003,3/13/2018,123,35,13,19,27,14,123
1004,3/14/2018,86,37,13,19,26,14,86
1005,3/15/2018,88,33,13,19,28,14,88
1006,3/16/2018,78,25,13,19,27,14,78
1007,3/17/2018,73,21,13,19,26,14,73
1008,3/18/2018,62,44,13,19,28,14,62
1009,3/19/2018,83,28,13,19,31,14,83
1010,3/20/2018,61,48,13,19,12,14,61
1011,3/29/2018,95,22,13,19,30,14,95
1012,3/30/2018,68,21,13,19,29,14,68
1013,3/31/2018,67,17,13,19,29,14,67
1014,4/1/2018,60,20,27,18,32,12,60
1015,4/2/2018,65,17,27,18,30,12,65
1016,4/3/2018,54,17,27,18,30,12,54
1017,4/4/2018,55,13,27,18,30,12,55
1018,4/5/2018,47,10,27,18,29,12,47
1019,4/6/2018,36,18,27,18,31,12,36
1020,4/7/2018,40,37,27,18,13,12,40
1021,4/18/2018,65,3,27,18,32,12,65
1022,4/19/2018,14,2,27,18,32,12,32
1023,4/20/2018,8,37,27,18,13,12,37
1024,4/25/2018,65,2,27,18,38,12,65
1025,4/26/2018,8,37,27,18,13,12,37
1026,5/16/2018,65,20,27,18,28,12,65
1027,5/17/2018,47,19,27,18,28,12,47
1028,5/18/2018,48,15,27,18,28,12,48
1029,5/19/2018,60,37,27,18,13,12,60
1030,5/27/2018,65,44,27,18,29,12,65
1031,5/28/2018,85,53,27,18,29,12,85
1032,5/29/2018,105,52,27,18,29,12,105
1033,5/30/2018,107,51,27,18,29,12,107
1034,5/31/2018,114,52,27,18,29,12,114
1035,6/1/2018,122,50,27,18,29,12,122
1036,6/2/2018,108,44,27,18,29,12,108
1037,6/3/2018,94,55,27,18,29,12,94
1038,6/4/2018,109,28,27,18,29,12,109
1039,6/5/2018,55,46,27,18,30,12,55
1040,6/6/2018,87,64,27,18,30,12,87
1041,6/7/2018,127,78,27,18,31,12,127
1042,6/8/2018,146,187,27,18,30,12,187
1043,6/9/2018,299,152,27,18,30,12,299
1044,6/10/2018,219,105,27,18,30,12,219
1045,6/11/2018,184,62,27,18,30,12,184
1046,6/12/2018,102,51,27,18,31,12,102
1047,6/13/2018,67,61,27,18,30,12,67
1048,6/14/2018,110,45,27,18,30,12,110
1049,6/15/2018,88,71,27,18,30,12,88
1050,6/16/2018,143,59,27,18,30,12,143
1051,6/17/2018,106,72,27,18,31,12,106
1052,6/18/2018,128,70,27,18,31,12,128
1053,6/19/2018,119,68,27,18,31,12,119
1054,6/20/2018,111,102,27,18,31,12,111
1055,6/21/2018,171,37,27,18,13,12,171
1056,6/26/2018,65,35,27,18,32,12,65
1057,6/27/2018,89,37,27,18,13,12,89
1058,7/25/2018,50,71,18,19,12,10,71
1059,7/26/2018,95,98,18,19,12,10,98
1060,7/27/2018,180,29,18,19,12,10,180
1061,5/3/2019,65,37,13,18,13,12,65
1062,5/4/2019,65,37,17,18,13,12,65
1063,5/5/2019,65,37,71,18,13,12,71
1064,5/6/2019,65,37,24,18,13,12,65
1065,5/7/2019,65,37,56,18,13,12,65
1066,5/8/2019,65,37,25,18,13,12,65
1067,5/9/2019,65,37,5,18,13,12,65
1068,5/10/2019,65,37,4,18,13,12,65
1069,5/11/2019,65,37,27,18,13,12,65
1070,5/12/2019,65,37,27,18,13,12,65
1071,5/13/2019,65,37,27,18,13,12,65
1072,5/14/2019,65,37,27,18,13,12,65
1073,5/15/2019,65,37,27,18,13,12,65
1074,5/16/2019,65,37,27,24,13,12,65
1075,5/17/2019,65,37,27,25,13,12,65
1076,5/18/2019,65,37,27,26,13,12,65
1077,5/19/2019,65,37,27,20,13,12,65
1078,5/20/2019,65,37,27,19,13,12,65
1079,5/21/2019,65,37,27,13,13,12,65
1080,5/22/2019,65,37,27,18,13,12,65
1081,5/23/2019,65,37,27,18,13,12,65
1082,5/24/2019,65,37,27,18,13,12,65
1083,5/25/2019,65,37,27,18,13,12,65
1084,5/26/2019,65,37,27,18,13,12,65
1085,5/27/2019,65,37,27,18,13,12,65
1086,5/28/2019,65,37,27,18,13,12,65
1087,5/29/2019,65,37,27,18,13,12,65
1088,5/30/2019,65,37,27,18,13,12,65
1089,5/31/2019,65,37,27,18,13,12,65
1090,6/1/2019,65,37,27,18,13,12,65
1091,6/2/2019,65,37,27,18,13,12,65
1092,6/3/2019,65,37,27,18,13,12,65
1093,6/4/2019,65,37,27,18,13,12,65
1094,6/5/2019,65,37,27,18,13,12,65
1095,6/6/2019,65,37,27,18,13,12,65
1096,6/7/2019,65,37,27,18,13,12,65
1097,6/8/2019,65,37,27,18,13,12,65
1098,6/9/2019,65,37,27,18,13,12,65
1099,6/10/2019,65,37,27,18,13,12,65
1100,6/11/2019,65,37,27,18,13,12,65
1101,6/12/2019,65,37,27,18,13,12,65
1102,6/13/2019,65,37,27,18,13,12,65
1103,6/14/2019,65,37,27,18,13,12,65
1104,6/15/2019,65,37,27,18,13,12,65
1105,6/16/2019,65,37,27,18,13,12,65
1106,6/17/2019,65,37,27,18,13,12,65
1107,6/18/2019,65,37,27,18,13,12,65
1108,6/19/2019,65,37,27,18,13,12,65
1109,6/20/2019,65,37,27,18,13,12,65
1110,6/21/2019,65,37,27,18,13,12,65
1111,6/22/2019,65,37,27,18,13,12,65
1112,6/23/2019,65,37,27,18,13,12,65
1113,6/24/2019,65,37,27,18,13,12,65
1114,6/25/2019,65,37,27,18,13,12,65
1115,6/26/2019,65,37,27,18,13,12,65
1116,6/27/2019,65,3,26,19,13,17,65
1117,6/28/2019,4,7,50,28,13,18,50
1118,6/29/2019,14,5,33,18,13,14,33
1119,6/30/2019,11,6,22,21,13,15,22
1120,7/1/2019,14,6,28,18,12,14,28
1121,7/2/2019,17,6,26,14,12,10,26
1122,7/3/2019,16,3,16,15,12,10,16
1123,7/4/2019,10,5,14,23,12,7,23
1124,7/5/2019,10,5,18,21,12,6,21
1125,7/6/2019,9,6,26,23,12,6,26
1126,7/7/2019,12,7,20,25,12,7,25
1127,7/8/2019,12,7,42,21,12,6,42
1128,7/9/2019,13,5,21,21,12,6,21
1129,7/10/2019,13,7,11,26,12,9,26
1130,7/11/2019,13,7,15,23,12,7,23
1131,7/12/2019,14,8,13,24,12,7,24
1132,7/13/2019,13,9,11,17,12,7,17
1133,7/14/2019,20,9,14,24,12,11,24
1134,7/15/2019,21,9,441,28,12,10,441
1135,7/16/2019,21,7,151,24,12,8,151
1136,7/17/2019,14,8,16,24,12,8,24
1137,7/18/2019,17,9,18,27,12,8,27
1138,7/19/2019,21,6,14,24,12,4,24
1139,7/20/2019,14,7,13,26,12,7,26
1140,7/21/2019,14,7,46,28,12,9,46
1141,7/22/2019,14,7,19,28,12,10,28
1142,7/23/2019,14,3,28,24,12,6,28
1143,7/24/2019,7,29,18,21,12,7,29
1144,7/27/2019,50,29,15,22,12,10,50
1145,7/28/2019,50,29,17,24,12,9,50
1146,7/29/2019,50,6,32,24,12,8,50
1147,7/30/2019,16,7,34,16,12,4,34
1148,7/31/2019,21,6,14,19,12,6,21
1149,8/1/2019,17,4,17,14,12,6,17
1150,8/2/2019,13,4,17,8,12,2,17
1151,8/3/2019,13,6,18,16,12,8,18
1152,8/4/2019,18,29,18,21,12,9,29
1153,8/5/2019,50,29,18,20,12,7,50
1154,8/6/2019,50,29,18,27,12,7,50
1155,8/7/2019,50,29,18,21,12,7,50
1156,8/8/2019,50,29,18,18,12,6,50
1157,8/9/2019,50,29,13,17,12,7,50
1158,8/10/2019,50,29,18,16,12,6,50
1159,8/11/2019,50,29,18,8,12,7,50
1160,8/12/2019,50,29,18,9,12,7,50
1161,8/13/2019,50,29,18,10,12,5,50
1162,8/14/2019,50,29,18,9,12,5,50
1163,8/15/2019,50,29,18,10,12,7,50
1164,8/16/2019,50,29,18,8,12,7,50
1165,8/17/2019,50,29,18,7,12,5,50
1166,8/18/2019,50,29,18,10,12,7,50
1167,8/19/2019,50,4,22,11,12,7,50
1168,8/20/2019,8,29,18,9,12,10,29
1169,8/21/2019,50,29,18,10,12,10,50
1170,8/22/2019,50,29,18,6,12,5,50
1171,8/23/2019,50,29,18,6,12,5,50
1172,8/24/2019,50,29,18,8,12,6,50
1173,8/25/2019,50,29,18,8,12,10,50
1174,9/13/2019,50,8,34,11,12,7,50
1175,9/14/2019,18,13,43,9,12,7,43
1176,9/15/2019,31,12,36,11,12,9,36
1177,9/16/2019,30,29,36,9,12,6,36
1178,9/17/2019,54,37,32,6,12,5,54
1179,9/18/2019,74,28,22,7,12,7,74
1180,9/19/2019,60,38,39,7,12,8,60
1181,9/20/2019,75,36,30,6,12,4,75
1182,9/21/2019,61,38,45,10,12,5,61
1183,9/22/2019,53,63,57,15,12,6,63
1184,9/23/2019,102,72,46,18,12,8,102
1185,9/24/2019,113,76,63,17,12,7,113
1186,9/25/2019,122,75,51,15,12,6,122
1187,9/26/2019,132,71,59,18,12,8,132
1188,9/27/2019,122,84,58,21,12,10,122
1189,9/28/2019,146,88,54,19,12,7,146
1190,9/29/2019,154,99,63,16,12,8,154
1191,9/30/2019,175,84,50,17,12,9,175
1192,10/1/2019,150,64,20,14,16,9,150
1193,10/2/2019,116,41,18,11,16,8,116
1194,10/3/2019,86,57,14,13,16,11,86
1195,10/4/2019,120,51,22,10,16,8,120
1196,10/5/2019,94,52,26,8,16,5,94
1197,10/6/2019,94,61,29,10,16,5,94
1198,10/7/2019,105,26,16,5,16,4,105
1199,10/8/2019,58,20,14,6,16,5,58
1200,10/9/2019,42,54,15,9,16,6,54
1201,10/10/2019,109,35,15,10,16,6,109
1202,10/11/2019,56,36,15,10,16,5,56
1203,10/12/2019,61,36,15,8,16,4,61
1204,10/13/2019,67,29,18,5,16,2,67
1205,10/14/2019,58,30,20,6,16,2,58
1206,10/15/2019,60,39,40,6,16,5,60
1207,10/16/2019,76,45,35,24,16,7,76
1208,10/17/2019,97,24,21,23,16,4,97
1209,10/18/2019,48,29,34,24,16,5,48
1210,10/19/2019,49,46,41,24,16,5,49
1211,10/20/2019,94,56,27,24,16,7,94
1212,10/21/2019,118,36,22,24,16,3,118
1213,10/22/2019,68,28,22,24,16,4,68
1214,10/23/2019,55,16,17,24,16,2,55
1215,10/24/2019,35,32,16,24,16,2,35
1216,10/25/2019,67,52,23,24,16,1,67
1217,10/26/2019,112,44,15,24,16,1,112
1218,10/27/2019,95,29,13,24,16,1,95
1219,10/28/2019,64,23,27,24,16,1,64
1220,10/29/2019,40,47,34,24,16,2,47
1221,10/30/2019,90,53,20,24,16,1,90
1222,10/31/2019,103,23,19,24,16,14,103
1223,11/1/2019,61,26,13,24,16,14,61
1224,11/2/2019,62,32,20,24,16,14,62
1225,11/3/2019,71,38,33,24,16,1,71
1226,11/4/2019,70,62,46,24,16,2,70
1227,11/5/2019,120,78,35,24,16,1,120
1228,11/6/2019,157,69,39,24,16,10,157
1229,11/7/2019,149,56,41,24,16,7,149
1230,11/8/2019,118,64,49,24,16,8,118
1231,11/9/2019,131,74,54,24,16,6,131
1232,11/10/2019,164,76,45,24,16,8,164
1233,11/11/2019,165,96,44,24,16,9,165
1234,11/12/2019,217,53,15,24,16,7,217
1235,11/13/2019,117,29,14,24,16,8,117
1236,11/14/2019,56,53,21,24,16,9,56
1237,11/15/2019,101,48,27,24,16,6,101
1238,11/16/2019,91,31,17,24,16,4,91
1239,11/17/2019,61,27,16,24,16,7,61
1240,11/18/2019,53,32,18,24,16,5,53
1241,11/19/2019,59,61,19,24,16,9,61
1242,11/20/2019,105,71,15,24,16,9,105
1243,11/21/2019,131,73,14,24,16,12,131
1244,11/22/2019,128,70,14,24,16,12,128
1245,11/23/2019,120,57,8,24,16,11,120
1246,11/24/2019,89,64,13,24,16,13,89
1247,11/25/2019,101,65,12,24,16,11,101
1248,11/26/2019,113,71,14,24,16,10,113
1249,11/27/2019,124,47,10,24,16,6,124
1250,11/28/2019,69,54,10,24,16,9,69
1251,11/29/2019,84,68,7,24,16,12,84
1252,11/30/2019,126,54,11,24,16,7,126
1253,12/1/2019,96,30,16,24,16,6,96
1254,12/2/2019,44,48,16,37,6,9,48
1255,12/3/2019,82,59,19,20,7,8,82
1256,12/4/2019,107,51,20,15,6,5,107
1257,12/5/2019,84,42,20,15,4,6,84
1258,12/6/2019,65,64,21,22,6,9,65
1259,12/7/2019,116,74,23,27,9,11,116
1260,12/8/2019,139,85,26,31,11,15,139
1261,12/9/2019,153,91,26,33,9,15,153
1262,12/10/2019,167,95,28,35,10,18,167
1263,12/11/2019,177,119,3,29,8,15,177
1264,12/12/2019,213,78,22,33,8,14,213
1265,12/13/2019,156,83,9,25,6,12,156
1266,12/14/2019,166,50,6,20,5,10,166
1267,12/15/2019,95,34,4,12,3,10,95
1268,12/16/2019,64,28,8,18,4,13,64
1269,12/17/2019,50,26,6,11,3,11,50
1270,12/18/2019,46,35,6,13,4,11,46
1271,12/19/2019,63,43,6,13,4,8,63
1272,12/20/2019,84,52,6,11,3,9,84
1273,12/21/2019,102,49,5,11,3,9,102
1274,12/22/2019,90,76,5,12,4,15,90
1275,12/23/2019,154,94,4,20,4,20,154
1276,12/24/2019,168,41,6,15,2,9,168
1277,12/25/2019,49,51,6,17,5,10,51
1278,12/26/2019,75,44,6,11,3,7,75
1279,12/27/2019,68,65,6,19,7,8,68
1280,12/28/2019,117,74,8,22,5,11,117
1281,12/29/2019,144,40,19,24,16,14,144
1282,12/31/2019,78,80,4,28,4,15,80
1283,1/1/2020,153,65,5,25,4,15,153
1284,1/2/2020,118,44,6,21,3,10,118
1285,1/3/2020,59,44,6,21,3,12,59
1286,1/4/2020,70,46,6,18,2,9,70
1287,1/5/2020,66,47,7,17,2,9,66
1288,1/6/2020,63,51,6,22,2,13,63
1289,1/7/2020,84,48,6,18,3,12,84
1290,1/8/2020,62,49,6,22,4,11,62
1291,1/9/2020,70,41,6,15,3,8,70
1292,1/10/2020,52,42,6,12,3,9,52
1293,1/11/2020,57,38,7,13,4,8,57
1294,1/12/2020,61,77,4,19,8,14,77
1295,1/13/2020,149,90,5,28,8,18,149
1296,1/14/2020,171,37,6,13,3,7,171
1297,1/15/2020,54,41,6,15,6,12,54
1298,1/16/2020,60,36,8,13,5,8,60
1299,1/17/2020,62,49,8,12,3,10,62
1300,1/18/2020,97,36,10,10,3,7,97
1301,1/19/2020,66,46,12,13,3,11,66
1302,1/20/2020,92,67,7,20,4,15,92
1303,1/21/2020,140,56,9,15,3,14,140
1304,1/22/2020,111,31,12,9,2,7,111
1305,1/23/2020,53,23,11,6,2,5,53
1306,1/24/2020,43,19,17,5,2,4,43
1307,1/25/2020,35,15,18,9,2,5,35
1308,1/26/2020,23,24,15,9,3,5,24
1309,1/27/2020,36,36,14,9,3,5,36
1310,1/28/2020,62,46,14,7,3,5,62
1311,1/29/2020,86,56,13,16,3,8,86
1312,1/30/2020,115,57,9,26,5,10,115
1313,1/31/2020,109,70,10,20,4,9,109
1314,2/1/2020,142,83,12,15,4,10,142
1315,2/2/2020,171,60,14,10,3,13,171
1316,2/3/2020,124,15,18,1,3,5,124
1317,2/4/2020,29,24,19,1,4,9,29
1318,2/5/2020,46,58,6,6,4,15,58
1319,2/6/2020,107,57,2,6,3,15,107
1320,2/7/2020,108,33,2,19,4,8,108
1321,2/8/2020,58,15,5,19,3,5,58
1322,2/9/2020,27,43,3,19,7,11,43
1323,2/10/2020,77,52,8,19,5,11,77
1324,2/11/2020,99,57,4,26,4,14,99
1325,2/12/2020,108,42,8,21,3,15,108
1326,2/13/2020,81,30,14,16,3,12,81
1327,2/14/2020,51,40,15,18,3,12,51
1328,2/15/2020,62,27,15,12,4,4,62
1329,2/16/2020,36,40,13,17,6,6,40
1330,2/17/2020,64,52,14,28,15,8,64
1331,2/18/2020,84,63,7,33,18,10,84
1332,2/19/2020,116,86,6,25,8,11,116
1333,2/20/2020,160,98,6,26,5,12,160
1334,2/21/2020,189,82,16,30,5,16,189
1335,2/22/2020,168,71,13,32,5,14,168
1336,2/23/2020,137,51,12,25,4,9,137
1337,2/24/2020,90,47,7,20,4,9,90
1338,2/25/2020,81,42,5,29,4,13,81
1339,2/26/2020,65,41,7,24,4,10,65
1340,2/27/2020,66,33,7,18,3,9,66
1341,2/28/2020,48,34,11,16,3,7,48
1342,2/29/2020,47,32,12,15,3,8,47
1343,3/1/2020,51,28,11,14,3,9,51
1344,3/2/2020,43,22,11,15,3,6,43
1345,3/3/2020,34,23,28,17,4,6,34
1346,3/4/2020,38,31,8,13,4,9,38
1347,3/5/2020,51,61,10,22,6,12,61
1348,3/6/2020,112,45,9,21,4,12,112
1349,3/7/2020,72,45,17,18,3,9,72
1350,3/8/2020,76,54,33,18,3,9,76
1351,3/9/2020,100,45,17,17,4,7,100
1352,3/10/2020,70,52,15,28,6,12,70
1353,3/11/2020,83,40,13,21,4,13,83
1354,3/12/2020,71,40,14,14,4,11,71
1355,3/13/2020,74,37,13,16,5,8,74
1356,3/14/2020,60,51,10,18,6,9,60
1357,3/15/2020,95,59,5,22,7,17,95
1358,3/16/2020,121,31,11,21,4,16,121
1359,3/17/2020,59,16,7,9,4,8,59
1360,3/18/2020,32,17,7,8,4,6,32
1361,3/19/2020,31,47,8,22,5,12,47
1362,3/20/2020,80,31,16,13,4,9,80
1363,3/21/2020,57,22,15,8,4,7,57
1364,3/22/2020,40,27,14,11,4,10,40
1365,3/23/2020,48,19,14,7,4,6,48
1366,3/24/2020,31,17,14,7,12,5,31
1367,3/25/2020,27,13,14,4,12,4,27
1368,3/26/2020,23,19,17,5,12,7,23
1369,3/27/2020,32,21,14,4,12,6,32
1370,3/28/2020,34,14,46,2,4,4,46
1371,3/29/2020,25,48,13,19,12,14,48
1372,3/31/2020,95,36,7,6,5,5,95
1373,4/1/2020,65,28,5,3,5,6,65
1374,4/2/2020,54,25,7,6,5,8,54
1375,4/3/2020,48,15,6,2,5,4,48
1376,4/4/2020,28,8,13,1,5,4,28
1377,4/5/2020,14,18,11,6,5,6,18
1378,4/6/2020,34,36,21,7,5,6,36
1379,4/7/2020,69,46,17,12,5,9,69
1380,4/8/2020,89,41,25,11,6,8,89
1381,4/9/2020,76,33,23,11,6,8,76
1382,4/10/2020,60,22,18,6,5,6,60
1383,4/11/2020,42,17,22,5,5,4,42
1384,4/12/2020,31,22,20,5,5,4,31
1385,4/13/2020,42,26,38,6,6,5,42
1386,4/14/2020,48,31,32,8,7,6,48
1387,4/15/2020,57,26,17,6,4,8,57
1388,4/16/2020,49,15,14,2,4,5,49
1389,4/17/2020,28,14,17,3,4,5,28
1390,4/18/2020,27,17,13,1,4,6,27
1391,4/19/2020,33,13,14,3,34,5,34
1392,4/20/2020,25,15,14,4,24,7,25
1393,4/21/2020,24,10,13,5,15,8,24
1394,4/22/2020,12,6,17,2,6,5,17
1395,4/23/2020,7,6,16,2,10,4,16
1396,4/24/2020,11,11,22,3,6,5,22
1397,4/25/2020,15,10,18,3,6,5,18
1398,4/26/2020,14,11,27,8,7,8,27
1399,4/27/2020,17,44,37,11,16,8,44
1400,4/28/2020,55,67,42,10,11,10,67
1401,4/29/2020,99,48,24,5,6,8,99
1402,4/30/2020,61,35,12,6,5,8,61
1403,5/1/2020,49,40,23,3,5,6,49
1404,5/2/2020,47,33,16,4,5,8,47
1405,5/3/2020,41,36,21,7,5,8,41
1406,5/4/2020,40,39,17,6,5,10,40
1407,5/5/2020,47,37,13,4,5,10,47
1408,5/6/2020,42,41,13,5,5,10,42
1409,5/7/2020,51,40,17,5,5,9,51
1410,5/8/2020,46,40,18,5,5,10,46
1411,5/9/2020,52,39,25,4,5,7,52
1412,5/10/2020,44,32,14,5,5,10,44
1413,5/11/2020,37,25,14,5,5,9,37
1414,5/12/2020,30,28,15,4,6,9,30
1415,5/13/2020,32,23,19,4,6,8,32
1416,5/14/2020,22,27,15,3,5,6,27
1417,5/15/2020,32,29,18,2,6,7,32
1418,5/16/2020,35,24,15,18,6,7,35
1419,5/17/2020,26,28,30,18,6,9,30
1420,5/18/2020,32,39,18,18,6,10,39
1421,5/19/2020,49,32,17,18,6,10,49
1422,5/20/2020,33,45,24,12,6,11,45
1423,5/21/2020,44,41,15,10,6,9,44
1424,5/22/2020,38,28,19,7,6,8,38
1425,5/23/2020,37,37,17,8,6,9,37
1426,5/24/2020,48,30,26,7,6,9,48
1427,5/25/2020,34,21,20,4,7,5,34
1428,5/26/2020,27,27,21,7,7,7,27
1429,5/27/2020,35,47,24,9,8,10,47
1430,5/28/2020,56,35,18,9,6,9,56
1431,5/29/2020,41,31,19,9,6,9,41
1432,5/30/2020,34,32,17,6,6,7,34
1433,5/31/2020,28,29,16,11,7,11,29
1434,6/1/2020,24,39,15,11,7,11,39
1435,6/2/2020,41,32,31,7,6,9,41
1436,6/3/2020,35,32,24,7,6,8,35
1437,6/4/2020,36,36,24,11,6,10,36
1438,6/5/2020,47,40,17,13,7,10,47
1439,6/6/2020,51,42,18,13,8,8,51
1440,6/7/2020,42,39,15,11,9,7,42
1441,6/8/2020,36,50,26,16,10,9,50
1442,6/9/2020,37,36,20,14,7,8,37
1443,6/10/2020,33,31,17,13,7,9,33
1444,6/11/2020,34,30,19,13,7,7,34
1445,6/12/2020,29,28,17,12,7,7,29
1446,6/13/2020,28,28,12,12,7,9,28
1447,6/14/2020,35,25,12,16,6,11,35
1448,6/15/2020,35,26,16,11,1,6,35
1449,6/16/2020,21,30,13,11,2,6,30
1450,6/17/2020,22,25,11,11,1,7,25
1451,6/18/2020,18,24,12,13,1,8,24
1452,6/19/2020,20,23,20,10,1,5,23
1453,6/20/2020,21,27,23,10,1,4,27
1454,6/21/2020,24,28,18,13,1,7,28
1455,6/22/2020,21,33,22,17,2,7,33
1456,6/23/2020,22,36,16,18,1,8,36
1457,6/24/2020,23,43,20,19,2,10,43
1458,6/25/2020,50,30,18,11,1,6,50
1459,6/26/2020,23,27,27,12,1,4,27
1460,6/27/2020,20,27,23,11,1,4,27
1461,6/28/2020,23,31,18,15,3,9,31
1462,6/29/2020,28,31,26,17,1,8,31
1463,6/30/2020,30,32,17,17,2,11,32
1464,7/1/2020,33,30,17,17,2,11,33
1465,7/2/2020,32,24,18,14,2,10,32
1466,7/3/2020,24,19,17,15,2,10,24
1467,7/4/2020,24,21,16,11,2,8,24
1468,7/5/2020,23,20,19,9,2,6,23
1469,7/6/2020,20,26,23,10,2,6,26
1470,7/7/2020,27,27,18,11,2,7,27
1471,7/8/2020,24,32,18,10,2,7,32
1472,7/9/2020,23,35,18,11,2,8,35
1473,7/10/2020,22,43,18,13,4,10,43
1474,7/11/2020,29,37,20,13,2,10,37
1475,7/12/2020,34,34,24,14,2,8,34
1476,7/13/2020,32,29,31,17,2,8,32
1477,7/14/2020,31,27,24,11,2,6,31
1478,7/15/2020,27,25,22,7,2,6,27
1479,7/16/2020,24,26,22,8,2,6,26
1480,7/17/2020,22,27,23,8,2,5,27
1481,7/18/2020,24,28,22,8,2,5,28
1482,7/19/2020,26,24,20,9,2,10,26
1483,7/20/2020,29,24,14,6,4,7,29
1484,7/21/2020,27,21,14,5,3,6,27
1485,7/22/2020,20,21,14,19,3,6,21
1486,7/23/2020,19,24,14,19,3,8,24
1487,7/24/2020,25,25,16,19,3,6,25
1488,7/25/2020,21,21,15,19,3,6,21
1489,7/26/2020,23,42,15,19,4,10,42
1490,7/27/2020,51,53,28,19,4,12,53
1491,7/28/2020,76,44,16,19,3,13,76
1492,7/29/2020,54,37,15,12,3,11,54
1493,7/30/2020,44,33,16,16,3,9,44
1494,7/31/2020,43,24,14,9,3,4,43
1495,8/1/2020,31,10,13,6,3,4,31
1496,8/2/2020,15,20,13,10,4,12,20
1497,8/3/2020,32,19,12,9,4,13,32
1498,8/4/2020,27,20,13,10,3,15,27
1499,8/5/2020,29,13,12,8,3,13,29
1500,8/6/2020,20,15,12,6,3,14,20
1501,8/7/2020,21,20,13,6,3,21,21
1502,8/8/2020,24,19,13,8,3,21,24
1503,8/9/2020,23,24,17,14,3,21,24
1504,8/10/2020,26,19,8,19,4,11,26
1505,8/11/2020,14,21,12,12,4,10,21
1506,8/12/2020,23,13,12,11,3,9,23
1507,8/13/2020,17,13,11,7,4,10,17
1508,8/14/2020,19,16,6,8,4,10,19
1509,8/15/2020,22,32,6,9,4,9,32
1510,8/16/2020,43,13,6,9,4,10,43
1511,8/17/2020,19,8,18,8,4,11,19
1512,8/18/2020,13,21,18,12,4,14,21
1513,8/19/2020,28,30,18,12,4,8,30
1514,8/20/2020,41,19,18,17,4,14,41
1515,8/21/2020,23,19,18,11,4,7,23
1516,8/22/2020,26,24,18,10,4,8,26
1517,8/23/2020,32,22,18,12,4,9,32
1518,8/24/2020,26,19,18,9,4,7,26
1519,8/25/2020,21,26,18,13,4,7,26
1520,8/26/2020,30,39,18,16,4,7,39
1521,8/27/2020,50,30,18,15,4,11,50
1522,8/28/2020,38,26,18,15,4,9,38
1523,8/29/2020,32,30,18,17,5,8,32
1524,8/30/2020,37,32,18,14,5,9,37
1525,8/31/2020,40,32,18,18,5,9,40
1526,9/1/2020,40,51,18,15,4,7,51
1527,9/2/2020,76,48,18,21,4,11,76
1528,9/3/2020,71,38,18,18,4,12,71
1529,9/4/2020,55,28,18,12,4,7,55
1530,9/5/2020,35,23,18,13,4,7,35
1531,9/6/2020,28,12,18,12,4,7,28
1532,9/7/2020,17,36,18,19,5,12,36
1533,9/8/2020,47,23,18,14,6,11,47
1534,9/9/2020,30,24,18,10,5,11,30
1535,9/10/2020,31,23,18,15,5,12,31
1536,9/11/2020,28,22,18,11,4,11,28
1537,9/12/2020,28,17,18,9,4,9,28
1538,9/13/2020,25,18,18,10,5,13,25
1539,9/14/2020,23,18,18,9,5,10,23
1540,9/15/2020,22,21,18,10,5,11,22
1541,9/16/2020,25,28,18,14,5,12,28
1542,9/17/2020,33,12,18,6,5,3,33
1543,9/18/2020,15,12,18,7,5,5,18
1544,9/19/2020,18,24,18,9,5,10,24
1545,9/20/2020,36,28,18,10,6,12,36
1546,9/21/2020,40,14,18,8,5,11,40
1547,9/22/2020,19,20,18,9,6,12,20
1548,9/23/2020,27,14,18,10,5,7,27
1549,9/24/2020,19,27,18,13,6,10,27
1550,9/25/2020,37,16,18,10,5,9,37
1551,9/26/2020,22,13,18,6,5,6,22
1552,9/27/2020,20,22,18,15,5,10,22
1553,9/28/2020,32,31,18,16,5,11,32
1554,9/29/2020,44,22,18,13,5,12,44
1555,9/30/2020,28,16,18,13,5,14,28
1556,10/1/2020,22,26,19,17,6,13,26
1557,10/2/2020,37,28,19,13,6,15,37
1558,10/3/2020,40,21,19,9,6,10,40
1559,10/4/2020,33,20,19,8,6,15,33
1560,10/5/2020,28,22,19,1,6,5,28
1561,10/6/2020,33,15,19,24,6,5,33
1562,10/7/2020,20,19,19,8,6,4,20
1563,10/8/2020,27,16,19,8,6,5,27
1564,10/9/2020,21,22,19,9,7,4,22
1565,10/10/2020,32,24,19,10,7,4,32
1566,10/11/2020,39,39,19,17,8,8,39
1567,10/12/2020,60,38,19,17,8,6,60
1568,10/13/2020,56,14,19,8,6,4,56
1569,10/14/2020,26,9,19,8,6,5,26
1570,10/15/2020,16,12,19,8,6,5,19
1571,10/16/2020,18,13,19,10,7,4,19
1572,10/17/2020,15,16,19,10,7,5,19
1573,10/18/2020,26,20,19,12,7,6,26
1574,10/19/2020,28,20,19,14,9,5,28
1575,10/20/2020,25,21,19,15,8,6,25
1576,10/21/2020,25,36,19,20,10,7,36
1577,10/22/2020,46,51,19,27,10,12,51
1578,10/23/2020,75,53,19,29,11,11,75
1579,10/24/2020,80,48,19,19,9,7,80
1580,10/25/2020,76,33,19,17,7,6,76
1581,10/26/2020,55,37,19,23,7,12,55
1582,10/27/2020,57,38,19,15,7,8,57
1583,10/28/2020,60,25,19,12,7,5,60
1584,10/29/2020,44,13,19,13,7,7,44
1585,10/30/2020,24,23,19,15,7,10,24
1586,10/31/2020,35,47,19,22,8,11,47
1587,11/1/2020,74,37,19,18,8,10,74
1588,11/2/2020,62,19,19,14,9,6,62
1589,11/3/2020,26,36,14,22,6,11,36
1590,11/4/2020,56,54,15,34,3,14,56
1591,11/5/2020,91,59,13,31,2,14,91
1592,11/6/2020,112,31,18,17,2,9,112
1593,11/7/2020,53,26,25,18,3,7,53
1594,11/8/2020,47,32,29,24,5,8,47
1595,11/9/2020,54,38,30,25,7,8,54
1596,11/10/2020,65,40,26,30,7,11,65
1597,11/11/2020,60,45,39,31,5,11,60
1598,11/12/2020,73,41,34,30,5,10,73
1599,11/13/2020,66,39,31,24,5,8,66
1600,11/14/2020,67,26,21,14,1,6,67
1601,11/15/2020,49,23,3,12,1,10,49
1602,11/16/2020,45,23,6,15,1,13,45
1603,11/17/2020,37,22,5,13,1,10,37
1604,11/18/2020,30,26,4,13,1,12,30
1605,11/19/2020,36,25,4,13,1,11,36
1606,11/20/2020,35,19,5,12,1,6,35
1607,11/21/2020,26,23,6,14,1,6,26
1608,11/22/2020,34,31,5,19,1,10,34
1609,11/23/2020,38,32,4,24,2,9,38
1610,11/24/2020,47,37,8,28,2,8,47
1611,11/25/2020,60,34,5,29,1,8,60
1612,11/26/2020,50,35,18,24,2,7,50
1613,11/27/2020,59,25,12,14,2,5,59
1614,11/28/2020,44,20,18,14,2,4,44
1615,11/29/2020,34,27,21,20,3,5,34
1616,11/30/2020,46,40,15,27,6,7,46
1617,12/1/2020,70,46,12,27,4,8,70
1618,12/2/2020,84,37,13,20,3,7,84
1619,12/3/2020,70,23,15,18,3,6,70
1620,12/4/2020,42,27,16,19,3,6,42
1621,12/5/2020,50,43,19,26,4,7,50
1622,12/6/2020,82,50,26,25,4,7,82
1623,12/7/2020,100,40,17,26,4,8,100
1624,12/8/2020,78,50,14,34,4,11,78
1625,12/9/2020,103,55,24,38,6,11,103
1626,12/10/2020,113,49,16,32,4,12,113
1627,12/11/2020,103,37,13,28,4,9,103
1628,12/12/2020,73,32,8,21,2,8,73
1629,12/13/2020,63,26,5,16,2,8,63
1630,12/14/2020,49,13,5,11,1,7,49
1631,12/15/2020,25,13,6,9,2,6,25
1632,12/16/2020,26,17,7,8,1,5,26
1633,12/17/2020,34,20,8,8,1,5,34
1634,12/18/2020,38,24,15,11,2,5,38
1635,12/19/2020,47,26,20,12,3,4,47
1636,12/20/2020,50,34,25,18,4,7,50
1637,12/21/2020,66,48,25,28,4,9,66
1638,12/22/2020,96,48,12,30,8,11,96
1639,12/23/2020,98,37,16,23,4,9,98
1640,12/24/2020,74,51,13,32,8,13,74
1641,12/25/2020,107,48,5,28,6,13,107
1642,12/26/2020,95,50,3,17,3,12,95
1643,12/27/2020,102,27,6,16,2,12,102
1644,12/28/2020,54,17,6,17,2,10,54
1645,12/29/2020,33,24,14,16,3,9,33
1646,12/30/2020,43,31,17,24,6,9,43
1647,12/31/2020,58,43,29,23,6,10,58
1648,1/1/2021,86,66,30,26,7,11,86
1649,1/2/2021,143,63,18,23,7,9,143
1650,1/3/2021,136,62,22,26,8,10,136
1651,1/4/2021,138,72,12,27,7,14,138
1652,1/5/2021,154,57,15,16,4,10,154
1653,1/6/2021,125,49,7,15,4,10,125
1654,1/7/2021,106,14,11,8,2,8,106
1655,1/8/2021,29,22,12,11,4,6,29
1656,1/9/2021,43,26,13,13,4,6,43
1657,1/10/2021,52,32,17,14,4,7,52
1658,1/11/2021,62,31,22,22,5,12,62
1659,1/12/2021,60,50,17,28,10,14,60
1660,1/13/2021,103,57,23,31,13,12,103
1661,1/14/2021,122,62,4,30,6,17,122
1662,1/15/2021,138,60,4,25,10,15,138
1663,1/16/2021,135,47,12,13,4,8,135
1664,1/17/2021,100,36,23,18,4,10,100
1665,1/18/2021,73,42,16,27,7,13,73
1666,1/19/2021,87,48,8,27,8,15,87
1667,1/20/2021,100,68,4,15,4,18,100
1668,1/21/2021,141,63,9,19,4,17,141
1669,1/22/2021,133,63,6,19,4,14,133
1670,1/23/2021,133,49,14,19,4,11,133
1671,1/24/2021,102,35,7,25,3,14,102
1672,1/25/2021,60,28,8,20,2,12,60
1673,1/26/2021,39,24,10,23,3,12,39
1674,1/27/2021,32,25,5,18,3,11,32
1675,1/28/2021,37,36,2,18,5,10,37
1676,1/29/2021,61,55,2,37,6,21,61
1677,1/30/2021,101,51,3,23,8,15,101
1678,1/31/2021,95,40,3,22,7,12,95
1679,2/1/2021,57,36,7,26,9,12,57
1680,2/2/2021,53,38,17,32,9,10,53
1681,2/3/2021,55,41,15,37,9,13,55
1682,2/4/2021,65,40,12,38,9,12,65
1683,2/5/2021,62,39,18,35,9,10,62
1684,2/6/2021,62,38,15,34,10,10,62
1685,2/7/2021,62,37,19,25,9,8,62
1686,2/8/2021,65,13,23,18,6,6,65
1687,2/9/2021,26,33,25,24,9,10,33
1688,2/10/2021,61,25,35,22,8,7,61
1689,2/11/2021,46,25,30,21,8,6,46
1690,2/12/2021,47,23,35,22,8,6,47
1691,2/13/2021,43,21,28,25,8,6,43
1692,2/14/2021,38,25,19,24,8,7,38
1693,2/15/2021,48,28,16,24,8,7,48
1694,2/16/2021,53,25,17,20,8,7,53
1695,2/17/2021,46,33,16,13,10,9,46
1696,2/18/2021,60,42,24,13,11,13,60
1697,2/19/2021,77,37,34,11,11,8,77
1698,2/20/2021,70,29,35,10,10,6,70
1699,2/21/2021,52,23,17,10,8,8,52
1700,2/22/2021,42,23,16,8,7,10,42
1701,2/23/2021,43,19,21,1,6,5,43
1702,2/24/2021,32,21,12,1,6,6,32
1703,2/25/2021,34,20,8,2,6,10,34
1704,2/26/2021,33,26,7,1,6,7,33
1705,2/27/2021,47,26,5,2,7,10,47
1706,2/28/2021,51,23,6,6,7,15,51
1707,3/1/2021,44,22,7,16,7,10,44
1708,3/2/2021,35,36,7,16,7,12,36
1709,3/3/2021,65,30,7,15,7,13,65
1710,3/4/2021,59,19,6,16,7,16,59
1711,3/5/2021,37,20,12,16,7,11,37
1712,3/6/2021,38,20,14,16,7,9,38
1713,3/7/2021,37,20,13,16,7,13,37
1714,3/8/2021,39,10,8,15,7,7,39
1715,3/9/2021,21,10,12,15,7,6,21
1716,3/10/2021,20,11,10,15,7,8,20
1717,3/11/2021,22,11,12,16,7,8,22
1718,3/12/2021,20,12,10,16,7,11,20
1719,3/13/2021,24,12,16,16,7,8,24
1720,3/14/2021,24,8,15,15,7,6,24
1721,3/15/2021,16,9,12,15,7,10,16
1722,3/16/2021,17,8,11,15,7,8,17
1723,3/17/2021,16,7,10,15,7,11,16
1724,3/18/2021,15,5,10,14,7,8,15
1725,3/19/2021,10,3,11,14,7,9,14
1726,3/20/2021,7,3,16,14,7,5,16
1727,3/21/2021,5,33,19,15,7,6,33
1728,3/22/2021,51,61,24,17,9,8,61
1729,3/23/2021,81,63,9,18,11,12,81
1730,3/24/2021,101,58,11,18,8,17,101
1731,3/25/2021,113,34,9,16,7,10,113
1732,3/26/2021,59,22,9,15,7,8,59
1733,3/27/2021,38,25,7,15,7,10,38
1734,3/28/2021,42,39,11,15,7,11,42
1735,3/29/2021,63,43,14,16,7,14,63
1736,3/30/2021,67,49,13,16,7,13,67
1737,3/31/2021,74,37,15,15,7,12,74
1738,4/1/2021,54,28,16,15,7,12,54
1739,4/2/2021,44,34,16,15,8,11,44
1740,4/3/2021,53,43,16,16,8,11,53
1741,4/4/2021,66,41,9,16,8,14,66
1742,4/5/2021,63,44,22,16,8,10,63
1743,4/6/2021,70,31,20,16,7,9,70
1744,4/7/2021,44,32,18,15,8,10,44
1745,4/8/2021,44,30,10,15,8,7,44
1746,4/9/2021,46,43,9,14,8,9,46
1747,4/10/2021,77,44,13,15,8,10,77
1748,4/11/2021,78,28,16,14,8,5,78
1749,4/12/2021,37,23,18,15,8,7,37
1750,4/13/2021,33,24,18,14,8,7,33
1751,4/14/2021,33,24,21,14,8,8,33
1752,4/15/2021,35,26,21,14,8,8,35
1753,4/16/2021,36,20,18,14,7,6,36
1754,4/17/2021,33,35,9,15,9,9,35
1755,4/18/2021,57,27,16,15,8,8,57
1756,4/19/2021,41,21,22,14,8,5,41
1757,4/20/2021,28,22,24,13,7,4,28
1758,4/21/2021,29,24,25,14,8,6,29
1759,4/22/2021,31,23,24,14,8,6,31
1760,4/23/2021,32,27,24,14,8,5,32
1761,4/24/2021,39,32,26,15,8,9,39
1762,4/25/2021,54,27,22,16,8,9,54
1763,4/26/2021,48,22,10,16,10,9,48
1764,4/27/2021,32,22,16,15,9,6,32
1765,4/28/2021,36,15,38,16,9,5,38
1766,4/29/2021,19,37,27,18,13,12,37
1767,5/3/2021,65,19,18,14,7,4,65
1768,5/4/2021,24,18,25,16,8,7,25
1769,5/5/2021,29,30,24,16,8,7,30
1770,5/6/2021,40,27,22,15,8,6,40
1771,5/7/2021,39,25,21,14,8,5,39
1772,5/8/2021,33,20,23,14,8,4,33
1773,5/9/2021,28,23,25,14,8,4,28
1774,5/10/2021,34,25,32,15,8,7,34
1775,5/11/2021,36,23,25,15,8,6,36
1776,5/12/2021,32,23,26,15,8,5,32
1777,5/13/2021,36,16,24,15,8,4,36
1778,5/14/2021,24,17,25,13,8,3,25
1779,5/15/2021,24,20,31,13,8,4,31
1780,5/16/2021,29,16,31,13,8,4,31
1781,5/17/2021,22,14,30,13,8,4,30
1782,5/18/2021,18,19,24,14,8,5,24
1783,5/19/2021,24,19,29,15,8,6,29
1784,5/20/2021,24,19,27,14,8,5,27
1785,5/21/2021,26,17,33,13,9,4,33
1786,5/22/2021,24,16,40,13,9,4,40
1787,5/23/2021,22,9,35,16,9,4,35
1788,5/24/2021,14,8,15,14,9,5,15
1789,5/25/2021,7,8,24,14,9,6,24
1790,5/26/2021,7,8,25,14,9,6,25
1791,5/27/2021,7,7,24,15,9,6,24
1792,5/28/2021,65,9,24,14,9,4,65
1793,5/29/2021,7,7,32,14,9,5,32
1794,5/30/2021,8,19,29,16,9,6,29
1795,5/31/2021,20,22,25,15,9,6,25
1796,6/1/2021,24,25,32,15,9,6,32
1797,6/2/2021,31,25,30,14,9,6,31
1798,6/3/2021,32,19,22,15,10,3,32
1799,6/4/2021,23,31,35,16,12,6,35
1800,6/5/2021,44,49,27,16,10,7,49
1801,6/6/2021,84,24,24,17,10,7,84
1802,6/7/2021,38,18,24,17,10,7,38
1803,6/8/2021,30,16,23,18,9,7,30
1804,6/9/2021,26,16,25,17,10,10,26
1805,6/10/2021,23,17,25,18,9,9,25
1806,6/11/2021,22,16,22,15,10,4,22
1807,6/12/2021,25,7,22,14,10,4,25
1808,6/13/2021,10,11,23,15,10,5,23
1809,6/14/2021,13,16,23,16,10,7,23
1810,6/15/2021,16,16,24,16,8,7,24
1811,6/16/2021,19,9,29,16,5,7,29
1812,6/17/2021,7,15,31,16,7,6,31
1813,6/18/2021,13,14,26,15,7,5,26
1814,6/19/2021,13,19,22,14,7,5,22
1815,6/20/2021,16,23,27,14,7,6,27
1816,6/21/2021,21,25,29,14,7,5,29
1817,6/22/2021,32,14,24,13,7,6,32
1818,6/23/2021,18,20,23,14,7,10,23
1819,6/24/2021,27,22,21,13,7,10,27
1820,6/25/2021,27,16,23,11,8,7,27
1821,6/26/2021,18,14,22,11,7,5,22
1822,6/27/2021,16,16,22,11,7,6,22
1823,6/28/2021,12,17,20,11,8,7,20
1824,6/29/2021,14,16,21,11,8,6,21
1825,6/30/2021,14,17,20,11,7,5,20
1826,7/1/2021,14,15,19,11,8,5,19
1827,7/2/2021,12,17,23,10,8,5,23
1828,7/3/2021,18,15,22,10,8,6,22
1829,7/4/2021,18,11,21,11,8,7,21
1830,7/5/2021,13,16,25,11,8,9,25
1831,7/6/2021,19,16,21,11,8,6,21
1832,7/7/2021,22,9,20,11,7,10,22
1833,7/8/2021,14,11,17,11,8,7,17
1834,7/9/2021,15,14,17,11,8,7,17
1835,7/10/2021,18,12,17,11,8,5,18
1836,7/11/2021,16,13,18,17,9,5,18
1837,7/12/2021,17,12,18,16,9,3,18
1838,7/13/2021,16,12,18,16,9,4,18
1839,7/14/2021,16,10,18,17,8,5,18
1840,7/15/2021,13,15,18,21,9,7,21
1841,7/16/2021,19,15,17,21,9,5,21
1842,7/17/2021,19,12,19,21,8,6,21
1843,7/18/2021,18,23,16,26,9,8,26
1844,7/19/2021,35,20,26,22,8,5,35
1845,7/20/2021,33,12,24,18,8,4,33
1846,7/21/2021,20,22,20,23,8,7,23
1847,7/22/2021,35,10,18,17,8,6,35
1848,7/23/2021,18,13,19,13,8,4,19
1849,7/24/2021,21,15,28,14,8,3,28
1850,7/25/2021,23,13,40,12,8,3,40
1851,7/26/2021,21,9,29,12,8,3,29
1852,7/27/2021,14,13,28,13,8,3,28
1853,7/28/2021,22,18,28,14,8,4,28
1854,7/29/2021,34,21,32,16,8,4,34
1855,7/30/2021,38,14,31,17,9,3,38
1856,7/31/2021,24,6,22,11,8,2,24
1857,8/1/2021,10,12,29,20,9,3,29
1858,8/2/2021,20,15,39,21,9,3,39
1859,8/3/2021,26,21,37,12,9,4,37
1860,8/4/2021,39,21,34,15,9,4,39
1861,8/5/2021,38,23,26,14,9,4,38
1862,8/6/2021,41,13,29,13,10,3,41
1863,8/7/2021,22,24,25,14,9,4,25
1864,8/8/2021,44,41,24,16,9,5,44
1865,8/9/2021,77,16,20,17,9,4,77
1866,8/10/2021,32,19,20,13,9,4,32
1867,8/11/2021,36,21,21,15,9,4,36
1868,8/12/2021,41,23,20,16,10,4,41
1869,8/13/2021,42,26,23,13,9,3,42
1870,8/14/2021,50,9,21,14,9,3,50
1871,8/15/2021,22,14,22,15,9,4,22
1872,8/16/2021,17,1,24,11,9,3,24
1873,8/17/2021,2,1,22,14,9,3,22
1874,8/18/2021,2,53,21,15,10,3,53
1875,8/19/2021,84,22,24,13,9,3,84
1876,8/20/2021,40,33,25,11,9,2,40
1877,8/21/2021,57,62,24,9,9,2,62
1878,8/22/2021,116,20,24,14,10,3,116
1879,8/23/2021,28,17,22,14,9,4,28
1880,8/24/2021,26,10,20,11,9,3,26
1881,8/25/2021,15,11,19,14,9,4,19
1882,8/26/2021,16,10,21,14,10,3,21
1883,8/27/2021,16,8,25,13,9,2,25
1884,8/28/2021,13,29,31,13,11,2,31
1885,8/29/2021,50,7,23,11,10,3,50
1886,8/30/2021,15,12,27,15,9,3,27
1887,8/31/2021,19,15,35,15,10,3,35
1888,9/1/2021,23,13,28,10,9,2,28
1889,9/2/2021,22,17,27,12,10,3,27
1890,9/3/2021,27,12,28,11,9,3,28
1891,9/4/2021,21,7,21,11,9,3,21
1892,9/5/2021,11,14,36,14,9,3,36
1893,9/6/2021,22,19,20,15,9,4,22
1894,9/7/2021,32,12,20,13,9,4,32
1895,9/8/2021,20,4,27,14,9,4,27
1896,9/9/2021,7,10,36,15,9,5,36
1897,9/10/2021,16,16,59,14,9,4,59
1898,9/11/2021,26,26,105,14,10,4,105
1899,9/12/2021,42,27,36,15,9,5,42
1900,9/13/2021,44,15,22,14,9,4,44
1901,9/14/2021,26,12,19,16,9,5,26
1902,9/15/2021,19,16,19,19,9,7,19
1903,9/16/2021,25,9,20,15,9,6,25
1904,9/17/2021,14,12,19,14,10,4,19
1905,9/18/2021,19,12,20,11,9,3,20
1906,9/19/2021,19,19,33,15,10,4,33
1907,9/20/2021,31,24,29,20,11,7,31
1908,9/21/2021,38,19,19,21,12,6,38
1909,9/22/2021,29,17,26,21,11,6,29
1910,9/23/2021,28,15,17,14,10,4,28
1911,9/24/2021,25,11,18,15,9,6,25
1912,9/25/2021,19,15,21,14,9,5,21
1913,9/26/2021,27,14,34,19,9,7,34
1914,9/27/2021,22,23,37,19,10,6,37
1915,9/28/2021,36,27,56,22,11,7,56
1916,9/29/2021,44,23,48,21,11,7,48
1917,9/30/2021,37,20,20,21,11,8,37
1918,10/1/2021,33,18,19,16,10,6,33
1919,10/2/2021,29,23,32,19,10,7,32
1920,10/3/2021,36,16,31,21,10,8,36
1921,10/4/2021,27,17,26,21,10,7,27
1922,10/5/2021,27,51,35,22,10,7,51
1923,10/6/2021,89,53,44,21,10,8,89
1924,10/7/2021,99,38,42,16,10,4,99
1925,10/8/2021,65,25,22,13,10,4,65
1926,10/9/2021,43,9,22,6,9,2,43
1927,10/10/2021,17,10,19,11,9,4,19
1928,10/11/2021,19,15,32,9,10,3,32
1929,10/12/2021,23,16,13,13,10,3,23
1930,10/13/2021,24,9,15,9,9,2,24
1931,10/14/2021,15,9,12,11,9,3,15
1932,10/15/2021,16,10,17,11,9,4,17
1933,10/16/2021,18,9,16,10,10,3,18
1934,10/17/2021,14,11,9,12,16,4,16
1935,10/18/2021,21,30,12,25,9,10,30
1936,10/19/2021,51,43,21,28,10,9,51
1937,10/20/2021,80,26,17,14,10,5,80
1938,10/21/2021,43,17,23,13,10,4,43
1939,10/22/2021,26,36,36,22,10,5,36
1940,10/23/2021,61,42,43,20,10,5,61
1941,10/24/2021,73,51,56,33,11,11,73
1942,10/25/2021,93,67,66,39,14,11,93
1943,10/26/2021,130,56,66,35,11,10,130
1944,10/27/2021,107,55,21,27,11,7,107
1945,10/28/2021,109,18,21,17,10,5,109
1946,10/29/2021,35,10,18,11,10,4,35
1947,10/30/2021,19,22,13,13,10,6,22
1948,10/31/2021,41,15,9,14,10,6,41
1949,11/1/2021,29,21,8,15,10,7,29
1950,11/2/2021,39,36,11,27,11,12,39
1951,11/3/2021,63,28,13,23,10,7,63
1952,11/4/2021,45,27,13,19,10,5,45
1953,11/5/2021,43,27,8,19,10,5,43
1954,11/6/2021,41,30,9,20,10,7,41
1955,11/7/2021,46,20,14,11,10,3,46
1956,11/8/2021,34,39,19,23,12,5,39
1957,11/9/2021,63,36,22,23,11,5,63
1958,11/10/2021,62,52,23,30,12,7,62
1959,11/11/2021,96,53,24,24,13,5,96
1960,11/12/2021,99,39,25,19,11,4,99
1961,11/13/2021,69,57,27,25,12,7,69
1962,11/14/2021,116,66,16,40,16,9,116
1963,11/15/2021,133,71,9,35,13,8,133
1964,11/16/2021,152,52,8,18,11,6,152
1965,11/17/2021,110,21,16,12,10,4,110
1966,11/18/2021,37,57,9,41,13,13,57
1967,11/19/2021,111,51,10,22,10,7,111
1968,11/20/2021,102,34,10,17,10,5,102
1969,11/21/2021,57,24,13,14,11,4,57
1970,11/22/2021,36,30,13,13,10,3,36
1971,11/23/2021,51,38,15,16,11,6,51
1972,11/24/2021,64,51,11,27,11,9,64
1973,11/25/2021,96,57,16,27,11,8,96
1974,11/26/2021,115,54,28,23,12,5,115
1975,11/27/2021,104,74,8,24,14,7,104
1976,11/28/2021,157,55,27,53,12,17,157
1977,11/29/2021,103,53,23,25,16,6,103
1978,11/30/2021,100,46,26,27,13,7,100
1979,12/1/2021,86,61,29,34,15,9,86
1980,12/2/2021,124,64,26,41,13,14,124
1981,12/3/2021,129,53,26,50,14,16,129
1982,12/4/2021,108,61,30,39,13,9,108
1983,12/5/2021,132,70,29,41,13,12,132
1984,12/6/2021,144,71,24,42,17,10,144
1985,12/7/2021,144,73,22,48,17,11,144
1986,12/8/2021,149,73,17,31,12,7,149
1987,12/9/2021,154,75,20,34,14,8,154
1988,12/10/2021,153,62,17,39,11,10,153
1989,12/11/2021,128,61,24,25,12,7,128
1990,12/12/2021,124,34,14,22,12,7,124
1991,12/13/2021,64,65,38,34,13,10,65
1992,12/14/2021,141,69,14,45,16,13,141
1993,12/15/2021,150,62,17,43,12,15,150
1994,12/16/2021,131,57,17,27,12,8,131
1995,12/17/2021,114,39,18,20,12,5,114
1996,12/18/2021,74,55,14,26,13,6,74
1997,12/19/2021,113,62,17,28,15,7,113
1998,12/20/2021,130,57,15,32,12,8,130
1999,12/21/2021,115,74,17,41,12,10,115
2000,12/22/2021,152,55,15,41,14,9,152
2001,12/23/2021,116,51,13,40,14,11,116
2002,12/24/2021,109,52,10,38,14,10,109
2003,12/25/2021,114,49,10,27,15,7,114
2004,12/26/2021,98,17,3,12,11,5,98
2005,12/27/2021,32,20,11,18,12,5,32
2006,12/28/2021,37,32,6,18,12,5,37
2007,12/29/2021,57,41,11,15,11,5,57
2008,12/30/2021,73,54,7,18,11,7,73
2009,12/31/2021,102,65,7,16,13,6,102
2010,1/1/2022,137,58,14,25,12,9,137
2011,1/2/2022,103,95,8,35,12,11,103
2012,1/3/2022,179,98,13,42,12,14,179
2013,1/4/2022,174,58,8,34,12,10,174
2014,1/5/2022,102,45,8,27,12,8,102
2015,1/6/2022,74,51,12,33,13,8,74
2016,1/7/2022,87,55,11,31,14,8,87
2017,1/8/2022,102,48,5,15,12,6,102
2018,1/9/2022,90,41,4,13,11,7,90
2019,1/10/2022,80,41,12,23,12,8,80
2020,1/11/2022,71,62,4,38,16,13,71
2021,1/12/2022,119,58,6,23,13,7,119
2022,1/13/2022,116,74,3,37,16,13,116
2023,1/14/2022,153,69,5,33,12,11,153
2024,1/15/2022,144,61,6,28,12,11,144
2025,1/16/2022,124,18,6,12,11,5,124
2026,1/17/2022,33,45,19,26,13,9,45
2027,1/18/2022,78,53,17,29,14,8,78
2028,1/19/2022,97,57,7,36,13,11,97
2029,1/20/2022,114,62,3,34,15,10,114
2030,1/21/2022,131,56,4,30,12,12,131
2031,1/22/2022,112,54,7,28,12,11,112
2032,1/23/2022,102,34,7,27,12,9,102
2033,1/24/2022,59,29,7,22,11,9,59
2034,1/25/2022,54,27,7,24,11,9,54
2035,1/26/2022,49,26,8,21,11,7,49
2036,1/27/2022,47,28,10,21,11,6,47
2037,1/28/2022,47,32,9,15,11,7,47
2038,1/29/2022,59,27,10,12,11,7,59
2039,1/30/2022,51,20,12,8,11,5,51
2040,1/31/2022,37,19,12,6,11,4,37
2041,2/1/2022,36,13,9,6,11,4,36
2042,2/2/2022,25,18,14,8,11,4,25
2043,2/3/2022,33,31,16,11,11,5,33
2044,2/4/2022,57,41,16,17,11,5,57
2045,2/5/2022,79,51,13,18,11,7,79
2046,2/6/2022,104,50,9,19,12,7,104
2047,2/7/2022,99,28,6,19,11,8,99
2048,2/8/2022,58,11,5,12,11,6,58
2049,2/9/2022,21,22,4,17,12,6,22
2050,2/10/2022,42,36,4,23,12,9,42
2051,2/11/2022,70,28,4,15,12,7,70
2052,2/12/2022,55,12,7,10,11,4,55
2053,2/13/2022,24,28,11,23,12,8,28
2054,2/14/2022,54,48,7,26,15,8,54
2055,2/15/2022,95,54,4,25,12,11,95
2056,2/16/2022,106,52,4,39,12,12,106
2057,2/17/2022,101,33,4,29,12,11,101
2058,2/18/2022,61,8,11,11,11,4,61
2059,2/19/2022,15,9,14,9,11,3,15
2060,2/20/2022,17,14,13,12,11,4,17
2061,2/21/2022,27,16,12,10,11,4,27
2062,2/22/2022,29,29,17,16,12,4,29
2063,2/23/2022,52,49,19,23,13,5,52
2064,2/24/2022,85,72,17,36,14,7,85
2065,2/25/2022,137,78,19,39,15,8,137
2066,2/26/2022,154,89,23,35,13,8,154
2067,2/27/2022,172,75,15,37,14,9,172
2068,2/28/2022,146,63,14,37,13,9,146
2069,3/1/2022,130,55,15,34,13,9,130
2070,3/2/2022,110,54,9,30,14,8,110
2071,3/3/2022,105,35,7,25,12,8,105
2072,3/4/2022,60,33,5,26,12,8,60
2073,3/5/2022,60,28,5,22,12,7,60
2074,3/6/2022,51,30,14,32,12,13,51
2075,3/7/2022,52,44,19,34,12,9,52
2076,3/8/2022,84,38,15,34,13,7,84
2077,3/9/2022,61,31,7,32,13,7,61
2078,3/10/2022,51,30,7,33,12,8,51
2079,3/11/2022,50,23,8,21,12,4,50
2080,3/12/2022,38,22,7,23,12,5,38
2081,3/13/2022,36,25,7,27,12,8,36
2082,3/14/2022,41,52,11,35,12,9,52
2083,3/15/2022,93,40,7,26,12,7,93
2084,3/16/2022,69,36,8,24,12,9,69
2085,3/17/2022,61,51,9,29,13,10,61
2086,3/18/2022,93,34,8,21,12,7,93
2087,3/19/2022,59,39,7,16,12,4,59
2088,3/20/2022,64,41,9,21,12,7,64
2089,3/21/2022,70,40,11,25,12,9,70
2090,3/22/2022,69,17,9,15,12,4,69
2091,3/23/2022,32,40,7,24,13,9,40
2092,3/24/2022,70,38,6,28,12,11,70
2093,3/25/2022,69,51,19,27,12,9,69
2094,3/26/2022,94,29,9,21,14,5,94
2095,3/27/2022,50,36,7,28,13,8,50
2096,3/28/2022,62,53,3,39,16,12,62
2097,3/29/2022,99,49,6,31,13,10,99
2098,3/30/2022,98,28,10,30,13,9,98
2099,3/31/2022,51,6,18,12,12,3,51
2100,4/1/2022,13,11,23,14,13,3,23
2101,4/2/2022,18,27,24,20,14,5,27
2102,4/3/2022,45,44,21,33,16,6,45
2103,4/4/2022,77,56,27,36,17,7,77
2104,4/5/2022,103,61,36,38,15,9,103
2105,4/6/2022,121,57,29,31,17,7,121
2106,4/7/2022,115,54,35,41,18,9,115
2107,4/8/2022,109,36,21,30,14,6,109
2108,4/9/2022,66,24,13,26,13,6,66
2109,4/10/2022,46,26,6,29,13,9,46
2110,4/11/2022,50,21,6,21,12,6,50
2111,4/12/2022,39,23,17,28,15,8,39
2112,4/13/2022,44,23,8,26,13,8,44
2113,4/14/2022,44,21,8,21,12,7,44
2114,4/15/2022,41,14,7,23,12,6,41
2115,4/16/2022,27,12,4,12,12,4,27
2116,4/17/2022,25,10,6,16,12,5,25
2117,4/18/2022,18,20,19,21,15,6,21
2118,4/19/2022,39,35,19,29,17,11,39
2119,4/20/2022,66,35,18,27,17,11,66
2120,4/21/2022,68,18,9,17,15,6,68
2121,4/22/2022,35,20,8,17,15,8,35
2122,4/23/2022,38,19,9,12,14,5,38
2123,4/24/2022,37,24,8,19,15,9,37
2124,4/25/2022,45,23,7,20,15,9,45
2125,4/26/2022,43,18,7,17,15,8,43
2126,4/27/2022,35,16,7,13,14,6,35
2127,4/28/2022,32,24,7,16,15,11,32
2128,4/29/2022,46,19,6,14,14,5,46
2129,4/30/2022,36,9,7,9,13,3,36
2130,5/1/2022,16,12,9,14,13,4,16
2131,5/2/2022,23,23,9,20,13,5,23
2132,5/3/2022,43,33,15,27,13,7,43
2133,5/4/2022,66,37,14,31,13,8,66
2134,5/5/2022,62,59,12,28,14,9,62
2135,5/6/2022,102,31,6,18,13,7,102
2136,5/7/2022,49,25,6,14,13,6,49
2137,5/8/2022,39,27,6,12,13,5,39
2138,5/9/2022,43,30,6,14,13,8,43
2139,5/10/2022,46,44,8,21,14,10,46
2140,5/11/2022,68,31,8,22,14,9,68
2141,5/12/2022,49,44,10,13,14,10,49
2142,5/13/2022,67,37,27,18,13,12,67
2143,6/16/2022,65,17,7,18,14,7,65
2144,6/17/2022,18,22,9,18,14,7,22
2145,6/18/2022,27,23,8,18,14,6,27
2146,6/19/2022,30,28,8,21,14,6,30
2147,6/20/2022,35,25,7,21,14,3,35
2148,6/21/2022,30,23,10,24,14,3,30
2149,6/22/2022,31,29,11,28,14,7,31
2150,6/23/2022,46,25,7,22,14,3,46
2151,6/24/2022,38,17,6,19,14,2,38
2152,6/25/2022,23,21,7,21,14,2,23
2153,6/26/2022,31,17,7,23,14,4,31
2154,6/27/2022,21,23,13,36,14,9,36
2155,6/28/2022,32,29,16,28,14,6,32
2156,6/29/2022,44,25,8,32,14,8,44
2157,6/30/2022,40,23,11,24,14,3,40
2158,7/1/2022,37,17,9,21,14,3,37
2159,7/2/2022,24,15,11,22,14,3,24
2160,7/3/2022,21,22,11,28,14,5,28
2161,7/4/2022,33,22,8,27,14,8,33
2162,7/5/2022,32,33,10,31,14,9,33
2163,7/6/2022,53,19,6,23,14,10,53
2164,7/7/2022,28,25,6,27,14,10,28
2165,7/8/2022,39,32,6,25,14,9,39
2166,7/9/2022,51,26,8,21,14,4,51
2167,7/10/2022,43,20,6,25,14,5,43
2168,7/11/2022,31,19,6,25,15,8,31
2169,7/12/2022,30,20,7,24,15,7,30
2170,7/13/2022,30,22,6,23,15,5,30
2171,7/14/2022,36,13,6,23,15,5,36
2172,7/15/2022,21,12,6,20,14,4,21
2173,7/16/2022,18,13,7,21,15,4,21
2174,7/17/2022,20,19,6,29,15,9,29
2175,7/18/2022,29,16,5,23,15,7,29
2176,7/19/2022,24,17,5,23,15,9,24
2177,7/20/2022,25,22,5,20,15,9,25
2178,7/21/2022,36,17,2,23,15,9,36
2179,7/22/2022,27,21,2,23,15,3,27
2180,7/23/2022,35,14,2,20,15,3,35
2181,7/24/2022,21,14,2,21,15,4,21
2182,7/25/2022,21,15,2,21,15,4,21
2183,7/26/2022,22,14,2,20,15,3,22
2184,7/27/2022,20,19,3,26,15,7,26
2185,7/28/2022,28,23,3,28,15,7,28
2186,7/29/2022,36,22,5,30,15,7,36
2187,7/30/2022,35,15,2,27,15,4,35
2188,7/31/2022,23,19,3,27,15,6,27
2189,8/1/2022,31,19,3,29,16,7,31
2190,8/2/2022,31,18,5,29,15,7,31
2191,8/3/2022,29,19,3,29,15,7,29
2192,8/4/2022,28,17,4,30,15,6,30
2193,8/5/2022,27,16,2,27,15,11,27
2194,8/6/2022,26,20,3,25,15,7,26
2195,8/7/2022,33,18,6,21,15,6,33
2196,8/8/2022,29,12,7,23,15,5,29
2197,8/9/2022,20,14,8,20,15,4,20
2198,8/10/2022,23,7,6,17,15,6,23
2199,8/11/2022,12,14,5,27,15,15,27
2200,8/12/2022,22,23,8,30,15,10,30
2201,8/13/2022,36,14,7,24,15,8,36
2202,8/14/2022,22,13,5,26,15,9,26
2203,8/15/2022,18,17,8,30,15,9,30
2204,8/16/2022,23,17,6,26,15,9,26
2205,8/17/2022,24,18,11,27,15,7,27
2206,8/18/2022,26,18,14,29,15,8,29
2207,8/19/2022,27,11,7,24,15,6,27
2208,8/20/2022,18,8,5,20,15,8,20
2209,8/21/2022,14,9,5,24,15,9,24
2210,8/22/2022,13,16,5,25,15,11,25
2211,8/23/2022,25,23,14,31,15,8,31
2212,8/24/2022,37,22,7,27,15,9,37
2213,8/25/2022,38,9,7,17,15,6,38
2214,8/26/2022,14,13,7,24,15,8,24
2215,8/27/2022,19,12,7,19,15,5,19
2216,8/28/2022,19,12,7,18,15,6,19
2217,8/29/2022,18,16,5,26,15,9,26
2218,8/30/2022,23,19,6,33,15,11,33
2219,8/31/2022,29,21,8,21,15,4,29
2220,9/1/2022,36,18,12,21,15,4,36
2221,9/2/2022,30,23,13,30,15,7,30
2222,9/3/2022,38,19,9,21,15,4,38
2223,9/4/2022,32,16,11,29,15,9,32
2224,9/5/2022,24,26,18,32,15,7,32
2225,9/6/2022,41,35,18,35,15,8,41
2226,9/7/2022,57,19,7,19,15,5,57
2227,9/8/2022,35,18,6,26,15,10,35
2228,9/9/2022,30,26,10,29,15,9,30
2229,9/10/2022,42,22,6,29,15,8,42
2230,9/11/2022,36,24,11,35,15,10,36
2231,9/12/2022,36,31,19,29,15,7,36
2232,9/13/2022,51,39,18,34,15,9,51
2233,9/14/2022,65,27,8,35,16,9,65
2234,9/15/2022,44,25,4,29,16,14,44
2235,9/16/2022,39,27,4,33,16,10,39
2236,9/17/2022,42,34,16,35,16,10,42
2237,9/18/2022,60,22,14,33,16,9,60
2238,9/19/2022,37,28,11,28,16,7,37
2239,9/20/2022,46,24,8,28,16,7,46
2240,9/21/2022,41,23,5,33,16,10,41
2241,9/22/2022,38,21,14,25,15,5,38
2242,9/23/2022,37,21,10,21,16,4,37
2243,9/24/2022,41,23,11,22,15,4,41
2244,9/25/2022,42,25,14,33,16,11,42
2245,9/26/2022,43,36,17,32,16,11,43
2246,9/27/2022,62,36,7,26,16,6,62
2247,9/28/2022,65,24,7,25,16,8,65
2248,9/29/2022,44,17,5,21,16,10,44
2249,9/30/2022,30,17,5,21,16,11,30
2250,10/1/2022,29,15,5,20,16,8,29
2251,10/2/2022,22,23,6,24,16,11,24
2252,10/3/2022,37,28,7,28,16,10,37
2253,10/4/2022,44,27,6,30,16,8,44
2254,10/5/2022,41,28,7,31,16,10,41
2255,10/6/2022,44,27,6,33,16,12,44
2256,10/7/2022,41,24,8,32,16,9,41
2257,10/8/2022,37,20,6,22,16,4,37
2258,10/9/2022,33,14,10,23,16,5,33
2259,10/10/2022,19,37,14,26,16,6,37
2260,10/11/2022,60,34,20,37,16,6,60
2261,10/12/2022,49,35,22,40,16,10,49
2262,10/13/2022,52,42,20,33,17,6,52
2263,10/14/2022,70,35,23,34,16,7,70
2264,10/15/2022,55,40,19,31,16,6,55
2265,10/16/2022,70,24,20,27,16,5,70
2266,10/17/2022,38,31,25,29,16,4,38
2267,10/18/2022,48,35,14,31,16,6,48
2268,10/19/2022,59,12,10,18,16,2,59
2269,10/20/2022,24,15,4,22,16,5,24
2270,10/21/2022,27,30,8,29,16,12,30
2271,10/22/2022,48,42,12,34,17,12,48
2272,10/23/2022,66,48,19,36,17,9,66
2273,10/24/2022,86,36,14,37,16,9,86
2274,10/25/2022,60,46,10,34,16,9,60
2275,10/26/2022,80,34,6,31,17,9,80
2276,10/27/2022,50,39,8,44,17,12,50
2277,10/28/2022,55,48,21,40,17,9,55
2278,10/29/2022,84,39,16,30,16,7,84
2279,10/30/2022,70,18,10,22,17,4,70
2280,10/31/2022,29,21,13,28,17,6,29
2281,11/1/2022,30,29,17,38,17,12,38
2282,11/2/2022,47,5,20,45,18,15,47
2283,11/3/2022,11,5,17,40,19,11,40
2284,11/4/2022,10,4,19,32,18,6,32
2285,11/5/2022,8,5,22,35,18,7,35
2286,11/6/2022,9,26,7,47,18,12,47
2287,11/7/2022,43,54,18,37,18,9,54
2288,11/8/2022,101,49,18,35,18,8,101
2289,11/9/2022,92,44,2,36,19,12,92
2290,11/10/2022,77,38,2,34,19,11,77
2291,11/11/2022,66,28,4,33,19,10,66
2292,11/12/2022,44,36,3,33,19,9,44
2293,11/13/2022,60,34,4,37,19,15,60
2294,11/14/2022,53,28,2,29,19,11,53
2295,11/15/2022,47,21,3,28,19,9,47
2296,11/16/2022,34,16,3,22,19,9,34
2297,11/17/2022,25,19,3,25,18,9,25
2298,11/18/2022,29,22,3,28,17,11,29
2299,11/19/2022,33,26,7,24,17,7,33
2300,11/20/2022,42,41,4,37,17,11,42
2301,11/21/2022,67,41,7,31,17,8,67
2302,11/22/2022,73,35,6,26,17,8,73
2303,11/23/2022,62,21,2,19,17,5,62
2304,11/24/2022,38,24,1,21,17,8,38
2305,11/25/2022,40,27,2,18,17,10,40
2306,11/26/2022,45,17,3,17,17,3,45
2307,11/27/2022,26,15,3,20,17,6,26
2308,11/28/2022,21,19,4,21,17,7,21
2309,11/29/2022,28,13,3,17,17,6,28
2310,11/30/2022,19,1,1,13,17,3,19
2311,12/1/2022,3,12,4,15,17,3,17
2312,12/2/2022,22,22,5,23,17,5,23
2313,12/3/2022,38,17,2,14,17,3,38
2314,12/4/2022,30,13,3,17,17,4,30
2315,12/5/2022,20,34,5,28,17,8,34
2316,12/6/2022,58,39,7,24,17,5,58
2317,12/7/2022,71,27,2,18,17,5,71
2318,12/8/2022,50,26,2,17,17,4,50
2319,12/9/2022,49,23,2,17,17,4,49
2320,12/10/2022,43,33,7,26,17,7,43
2321,12/11/2022,57,35,15,32,17,11,57
2322,12/12/2022,64,34,11,45,17,9,64
2323,12/13/2022,56,31,17,33,17,7,56
2324,12/14/2022,53,35,14,47,18,9,53
2325,12/15/2022,59,40,22,44,18,9,59
2326,12/16/2022,72,19,13,25,17,4,72
2327,12/17/2022,31,13,15,25,17,3,31
2328,12/18/2022,21,30,14,41,17,8,41
2329,12/19/2022,52,41,9,49,17,9,52
2330,12/20/2022,70,29,18,40,18,13,70
2331,12/21/2022,49,40,17,41,18,9,49
2332,12/22/2022,71,28,8,45,18,8,71
2333,12/23/2022,49,21,16,44,18,8,49
2334,12/24/2022,39,19,8,42,18,7,42
2335,12/25/2022,36,11,6,43,18,10,43
2336,12/26/2022,23,9,5,43,18,10,43
2337,12/27/2022,19,10,4,27,18,4,27
2338,12/28/2022,20,19,5,17,18,4,20
2339,12/29/2022,53,33,5,21,18,5,53
2340,12/30/2022,94,47,5,23,18,5,94
2341,12/31/2022,129,54,11,32,18,7,129
2342,1/1/2023,144,66,8,28,18,6,144
2343,1/2/2023,164,59,4,29,18,8,164
2344,1/3/2023,123,100,3,37,18,11,123
2345,1/4/2023,173,81,5,31,18,8,173
2346,1/5/2023,153,56,9,20,18,4,153
2347,1/6/2023,97,75,10,36,18,11,97
2348,1/7/2023,137,118,11,43,18,10,137
2349,1/8/2023,197,114,10,39,18,11,197
2350,1/9/2023,195,104,3,31,18,9,195
2351,1/10/2023,178,81,2,21,18,10,178
2352,1/11/2023,148,57,1,19,18,10,148
2353,1/12/2023,98,62,2,23,18,11,98
2354,1/13/2023,108,77,10,24,18,9,108
2355,1/14/2023,136,62,5,16,18,6,136
2356,1/15/2023,107,33,6,13,17,5,107
2357,1/16/2023,50,62,6,8,18,4,62
2358,1/17/2023,102,65,9,9,18,6,102
2359,1/18/2023,108,91,7,10,18,8,108
2360,1/19/2023,160,99,7,9,18,9,160
2361,1/20/2023,177,121,17,14,18,7,177
2362,1/21/2023,197,120,8,14,18,7,197
2363,1/22/2023,207,86,4,15,18,5,207
2364,1/23/2023,151,50,13,10,17,2,151
2365,1/24/2023,68,67,11,12,18,3,68
2366,1/25/2023,112,82,7,9,18,5,112
2367,1/26/2023,143,72,10,10,18,4,143
2368,1/27/2023,127,68,14,12,18,4,127
2369,1/28/2023,107,88,16,15,18,9,107
2370,1/29/2023,150,115,14,28,18,7,150
2371,1/30/2023,187,89,7,36,18,9,187
2372,1/31/2023,155,75,7,35,18,9,155
2373,2/1/2023,136,64,2,29,18,9,136
2374,2/2/2023,107,48,13,19,12,14,107
2375,2/9/2023,95,51,5,24,20,7,95
2376,2/10/2023,57,40,7,16,20,3,57
2377,2/11/2023,52,51,7,20,19,4,52
2378,2/12/2023,68,61,7,31,20,10,68
2379,2/13/2023,88,55,7,23,20,5,88
2380,2/14/2023,71,61,11,23,20,4,71
2381,2/15/2023,100,73,11,27,20,5,100
2382,2/16/2023,130,111,8,41,21,10,130
2383,2/17/2023,179,79,7,42,21,9,179
2384,2/18/2023,129,84,7,26,20,5,129
2385,2/19/2023,145,69,17,29,20,7,145
2386,2/20/2023,121,87,13,46,20,10,121
2387,2/21/2023,149,71,14,38,20,8,149
2388,2/22/2023,99,74,9,41,20,8,99
2389,2/23/2023,99,48,13,19,12,14,99
2390,2/24/2023,95,49,22,33,20,7,95
2391,2/25/2023,70,73,25,31,21,4,73
2392,2/26/2023,123,94,20,42,21,7,123
2393,2/27/2023,159,92,15,44,22,8,159
2394,2/28/2023,151,81,6,39,22,9,151
2395,3/1/2023,123,110,25,38,22,7,123
2396,3/2/2023,183,110,17,45,20,8,183
2397,3/3/2023,172,77,13,26,17,4,172
2398,3/4/2023,128,98,13,32,17,6,128
2399,3/5/2023,167,91,19,39,17,7,167
2400,3/6/2023,143,71,19,33,17,6,143
2401,3/7/2023,98,68,14,38,18,11,98
2402,3/8/2023,88,90,19,29,18,6,90
2403,3/9/2023,148,88,12,32,18,6,148
2404,3/10/2023,133,73,7,34,18,9,133
2405,3/11/2023,104,79,15,34,18,6,104
2406,3/12/2023,122,73,19,16,17,2,122
2407,3/13/2023,67,94,21,29,17,4,94
2408,3/14/2023,118,97,12,37,18,9,118
2409,3/15/2023,136,64,11,26,18,5,136
2410,3/16/2023,76,56,9,25,18,7,76
2411,3/17/2023,65,56,8,25,17,5,65
2412,3/18/2023,64,52,8,19,17,3,64
2413,3/19/2023,60,53,8,21,17,5,60
2414,3/20/2023,66,60,9,31,18,11,66
2415,3/21/2023,87,78,15,31,18,8,87
2416,3/22/2023,132,78,15,33,18,10,132
2417,3/23/2023,117,77,11,31,18,9,117
2418,3/24/2023,120,66,11,26,18,9,120
2419,3/25/2023,90,51,6,18,19,4,90
2420,3/26/2023,56,44,7,19,19,5,56
2421,3/27/2023,54,57,7,22,19,5,57
2422,3/28/2023,67,50,8,21,19,6,67
2423,3/29/2023,69,60,5,26,19,7,69
2424,3/30/2023,79,88,5,41,20,14,88
2425,3/31/2023,135,68,5,37,21,13,135
2426,4/1/2023,104,49,9,26,20,9,104
2427,4/2/2023,69,54,11,25,18,9,69
2428,4/3/2023,72,70,12,30,19,12,72
2429,4/4/2023,95,77,12,30,18,8,95
2430,4/5/2023,121,70,13,27,18,8,121
2431,4/6/2023,105,69,10,31,18,7,105
2432,4/7/2023,91,73,15,24,18,3,91
2433,4/8/2023,103,71,9,28,19,6,103
2434,4/9/2023,108,59,5,33,19,10,108
2435,4/10/2023,99,61,7,31,19,11,99
2436,4/11/2023,101,60,9,32,19,12,101
2437,4/12/2023,94,45,10,28,18,8,94
2438,4/13/2023,61,48,11,32,18,13,61
2439,4/14/2023,71,68,12,31,18,11,71
2440,4/15/2023,105,74,10,34,18,9,105
2441,4/16/2023,99,70,12,25,17,6,99
2442,4/17/2023,100,60,13,24,18,13,100
2443,4/18/2023,84,83,19,27,18,11,84
2444,4/19/2023,122,87,18,40,19,12,122
2445,4/20/2023,127,85,17,40,18,11,127
2446,4/21/2023,130,77,17,24,18,8,130
2447,4/22/2023,109,61,17,21,17,5,109
2448,4/23/2023,83,59,18,21,18,7,83
2449,4/24/2023,72,46,16,25,17,4,72
2450,4/25/2023,42,55,12,29,18,5,55
2451,4/26/2023,68,66,13,32,18,5,68
2452,4/27/2023,96,54,12,22,18,5,96
2453,4/28/2023,58,46,12,25,18,4,58
2454,4/29/2023,41,57,12,25,18,3,57
2455,4/30/2023,53,80,22,26,18,3,80
2456,5/1/2023,100,67,16,21,18,2,100
2457,5/2/2023,70,45,14,14,17,1,70
2458,5/3/2023,45,49,20,16,17,5,49
2459,5/4/2023,60,63,25,24,18,8,63
2460,5/5/2023,77,72,31,22,18,6,77
2461,5/6/2023,99,66,25,21,18,4,99
2462,5/7/2023,90,47,69,27,18,5,90
2463,5/8/2023,51,58,25,30,19,10,58
2464,5/9/2023,83,54,34,26,18,9,83
2465,5/10/2023,74,44,60,32,18,7,74
2466,5/11/2023,40,40,14,26,18,7,40
2467,5/12/2023,41,32,18,18,18,2,41
2468,5/13/2023,35,39,19,25,18,6,39
2469,5/14/2023,56,52,33,29,18,6,56
2470,5/15/2023,67,50,36,23,18,6,67
2471,5/16/2023,65,72,39,29,18,7,72
2472,5/17/2023,103,81,36,24,19,8,103
2473,5/18/2023,122,67,38,44,19,8,122
2474,5/19/2023,96,68,102,24,18,6,102
2475,5/20/2023,104,63,102,21,18,5,104
2476,5/21/2023,92,67,126,24,18,8,126
2477,5/22/2023,95,65,103,27,18,6,103
2478,5/23/2023,91,62,74,21,18,5,91
2479,5/24/2023,90,51,53,33,18,9,90
2480,5/25/2023,59,50,46,25,19,9,59
2481,5/26/2023,56,47,61,22,18,7,61
2482,5/27/2023,49,39,55,18,18,5,55
2483,5/28/2023,46,53,77,33,18,8,77
2484,5/29/2023,62,58,49,31,19,8,62
2485,5/30/2023,69,62,41,27,19,7,69
2486,5/31/2023,86,61,80,23,19,7,86
2487,6/1/2023,95,61,92,32,19,9,95
2488,6/2/2023,82,57,34,25,18,6,82
2489,6/3/2023,72,59,36,30,18,6,72
2490,6/4/2023,75,57,28,33,19,10,75
2491,6/5/2023,83,55,37,21,19,7,83
2492,6/6/2023,77,52,60,23,19,5,77
2493,6/7/2023,75,65,40,31,19,9,75
2494,6/8/2023,114,40,25,22,18,8,114
2495,6/9/2023,47,61,24,32,18,9,61
2496,6/10/2023,89,67,29,19,18,5,89
2497,6/11/2023,115,65,22,29,19,12,115
2498,6/12/2023,101,49,26,20,18,5,101
2499,6/13/2023,78,35,15,19,18,6,78
2500,6/14/2023,42,44,40,26,18,9,44
2501,6/15/2023,51,53,135,34,18,9,135
2502,6/16/2023,58,49,27,24,18,6,58
2503,6/17/2023,47,39,27,22,18,7,47
2504,6/18/2023,41,55,27,29,19,10,55
2505,6/19/2023,54,57,21,30,19,10,57
2506,6/20/2023,66,56,127,31,19,10,127
2507,6/21/2023,62,65,138,37,19,13,138
2508,6/22/2023,78,41,13,22,18,6,78
2509,6/23/2023,49,40,27,24,19,11,49
2510,6/24/2023,45,22,27,20,18,7,45
2511,6/25/2023,25,50,27,28,19,12,50
2512,6/26/2023,60,53,27,27,19,10,60
2513,6/27/2023,57,35,27,20,19,6,57
2514,6/28/2023,36,36,27,17,18,5,36
2515,6/29/2023,41,47,27,25,18,8,47
2516,6/30/2023,50,52,27,25,18,8,52
2517,7/1/2023,61,52,18,22,18,8,61
2518,7/2/2023,56,54,18,29,19,11,56
2519,7/3/2023,64,47,18,24,19,7,64
2520,7/4/2023,57,49,18,27,19,10,57
2521,7/5/2023,51,44,18,19,19,6,51
2522,7/6/2023,41,39,18,21,19,4,41
2523,7/7/2023,34,36,18,18,19,5,36
2524,7/8/2023,35,39,18,26,19,6,39
2525,7/9/2023,30,46,18,28,19,7,46
2526,7/10/2023,46,44,16,27,19,7,46
2527,7/11/2023,48,41,11,30,19,6,48
2528,7/12/2023,42,49,16,32,19,8,49
2529,7/13/2023,56,45,11,26,19,7,56
2530,7/14/2023,52,51,15,27,19,6,52
2531,7/15/2023,68,59,21,27,19,6,68
2532,7/16/2023,79,74,25,31,19,7,79
2533,7/17/2023,105,61,19,23,19,4,105
2534,7/18/2023,82,41,10,31,19,9,82
2535,7/19/2023,60,57,8,28,19,10,60
2536,7/20/2023,81,55,8,26,19,8,81
2537,7/21/2023,74,46,8,24,19,6,74
2538,7/22/2023,48,35,8,20,19,4,48
2539,7/23/2023,33,41,8,25,19,7,41
2540,7/24/2023,42,41,8,26,19,7,42
2541,7/25/2023,39,49,15,28,19,7,49
2542,7/26/2023,55,57,19,29,20,8,57
2543,7/27/2023,76,53,11,29,19,7,76
2544,7/28/2023,64,54,18,26,19,7,64
2545,7/29/2023,77,54,8,29,19,8,77
2546,7/30/2023,71,47,7,31,19,10,71
2547,7/31/2023,60,39,9,29,19,10,60
2548,8/1/2023,55,52,8,27,19,8,55
2549,8/2/2023,67,48,8,21,19,7,67
2550,8/3/2023,58,33,6,26,20,10,58
2551,8/4/2023,43,37,7,23,20,10,43
2552,8/5/2023,52,44,7,25,20,9,52
2553,8/6/2023,43,49,6,27,20,10,49
2554,8/7/2023,50,53,6,30,20,10,53
2555,8/8/2023,53,52,9,26,20,9,53
2556,8/9/2023,68,55,7,30,20,11,68
2557,8/10/2023,76,63,6,33,21,13,76
2558,8/11/2023,94,58,8,28,20,9,94
2559,8/12/2023,73,55,12,24,19,5,73
2560,8/13/2023,75,49,11,32,20,8,75
2561,8/14/2023,54,42,11,30,19,8,54
2562,8/15/2023,58,61,7,36,20,11,61
2563,8/16/2023,80,62,13,29,20,9,80
2564,8/17/2023,86,53,12,28,20,8,86
2565,8/18/2023,63,64,7,38,20,12,64
2566,8/19/2023,92,47,6,27,20,9,92
2567,8/20/2023,57,55,6,35,20,11,57
2568,8/21/2023,67,55,8,31,20,9,67
2569,8/22/2023,63,55,16,27,19,7,63
2570,8/23/2023,70,45,8,30,18,8,70
2571,8/24/2023,59,55,9,26,19,7,59
2572,8/25/2023,79,43,8,28,20,8,79
2573,8/26/2023,50,54,12,28,20,9,54
2574,8/27/2023,71,35,9,23,20,7,71
2575,8/28/2023,45,46,10,22,19,6,46
2576,8/29/2023,62,41,20,22,19,5,62
2577,8/30/2023,53,55,26,29,19,6,55
2578,8/31/2023,88,64,25,26,19,5,88
2579,9/1/2023,104,60,23,23,19,5,104
2580,9/2/2023,104,55,15,24,20,5,104
2581,9/3/2023,81,26,9,18,19,3,81
2582,9/4/2023,37,42,10,25,20,7,42
2583,9/5/2023,57,64,12,25,20,6,64
2584,9/6/2023,98,58,20,22,20,6,98
2585,9/7/2023,92,43,14,19,19,4,92
2586,9/8/2023,59,49,12,23,20,7,59
2587,9/9/2023,70,59,12,22,19,6,70
2588,9/10/2023,98,61,11,27,20,8,98
2589,9/11/2023,90,60,7,33,20,9,90
2590,9/12/2023,93,32,9,17,19,4,93
2591,9/13/2023,43,13,8,15,19,3,43
2592,9/14/2023,31,4,9,19,19,5,31
2593,9/15/2023,51,29,8,24,19,7,51
2594,9/16/2023,77,29,7,26,20,7,77
2595,9/17/2023,78,29,7,30,20,10,78
2596,9/18/2023,65,14,7,25,19,8,65
2597,9/19/2023,50,21,7,21,20,7,50
2598,9/20/2023,31,25,6,21,20,7,31
2599,9/21/2023,35,24,6,23,20,6,35
2600,9/22/2023,35,26,6,25,20,7,35
2601,9/23/2023,37,38,6,28,20,7,38
2602,9/24/2023,58,51,8,24,20,6,58
2603,9/25/2023,86,48,6,21,20,5,86
2604,9/26/2023,77,23,6,19,20,6,77
2605,9/27/2023,34,29,6,21,20,6,34
2606,9/28/2023,43,51,8,25,20,8,51
2607,9/29/2023,81,59,9,22,20,6,81
2608,9/30/2023,105,41,6,25,20,6,105
2609,10/1/2023,70,47,7,31,20,9,70
2610,10/2/2023,77,53,12,31,20,8,77
2611,10/3/2023,91,53,11,30,21,8,91
2612,10/4/2023,90,50,9,27,20,8,90
2613,10/5/2023,71,53,7,24,20,7,71
2614,10/6/2023,67,46,7,19,20,6,67
2615,10/7/2023,60,28,20,18,19,4,60
2616,10/8/2023,41,39,20,20,19,4,41
2617,10/9/2023,63,35,19,20,19,4,63
2618,10/10/2023,50,43,19,22,20,5,50
2619,10/11/2023,66,37,11,19,20,4,66
2620,10/12/2023,57,49,15,24,20,6,57
2621,10/13/2023,80,56,17,20,21,5,80
2622,10/14/2023,96,34,20,17,20,4,96
2623,10/15/2023,50,58,23,27,20,7,58
2624,10/16/2023,107,68,37,31,21,8,107
2625,10/17/2023,127,76,23,33,22,9,127
2626,10/18/2023,140,76,18,27,22,7,140
2627,10/19/2023,132,48,17,20,21,5,132
2628,10/20/2023,70,38,22,22,20,5,70
2629,10/21/2023,49,48,23,25,20,5,49
2630,10/22/2023,76,64,17,27,21,7,76
2631,10/23/2023,117,74,15,32,22,8,117
2632,10/24/2023,133,79,17,30,22,8,133
2633,10/25/2023,148,62,11,37,22,9,148
2634,10/26/2023,98,86,15,39,23,9,98
2635,10/27/2023,155,53,9,21,22,5,155
2636,10/28/2023,77,41,8,17,21,4,77
2637,10/29/2023,67,36,12,27,22,9,67
2638,10/30/2023,50,62,21,29,28,9,62
2639,10/31/2023,113,68,24,27,24,6,113
2640,11/1/2023,124,79,25,36,28,8,124
2641,11/2/2023,142,62,13,27,30,7,142
2642,11/3/2023,98,46,7,21,26,6,98
2643,11/4/2023,52,46,7,20,24,5,52
2644,11/5/2023,52,51,7,25,26,7,52
2645,11/6/2023,63,35,7,19,30,5,63
2646,11/7/2023,45,64,21,26,31,7,64
2647,11/8/2023,107,56,8,28,31,8,107
2648,11/9/2023,80,55,8,25,31,8,80
2649,11/10/2023,76,50,6,23,31,7,76
2650,11/11/2023,59,48,6,25,31,6,59
2651,11/12/2023,68,24,6,12,40,4,68
2652,11/13/2023,24,28,9,18,43,5,43
2653,11/14/2023,37,58,7,23,38,7,58
2654,11/15/2023,106,38,11,16,37,4,106
2655,11/16/2023,62,45,20,32,35,9,62
2656,11/17/2023,66,74,21,37,29,9,74
2657,11/18/2023,140,78,23,40,27,10,140
2658,11/19/2023,150,84,34,35,26,8,150
2659,11/20/2023,167,40,19,24,16,14,167
2660,11/21/2023,78,102,14,40,24,9,102
2661,11/22/2023,187,80,18,34,24,8,187
2662,11/23/2023,152,83,13,41,25,12,152
2663,11/24/2023,150,87,15,42,24,9,150
2664,11/25/2023,140,79,27,32,23,7,140
2665,11/26/2023,137,92,29,38,25,11,137
2666,11/27/2023,160,91,22,36,24,9,160
2667,11/28/2023,164,107,30,41,24,10,164
2668,11/29/2023,187,92,15,30,24,7,187
2669,11/30/2023,172,36,15,15,24,4,172
2670,12/1/2023,65,52,9,16,25,5,65
2671,12/2/2023,103,53,7,16,25,5,103
2672,12/3/2023,107,44,7,18,24,6,107
2673,12/4/2023,69,65,5,23,24,7,69
2674,12/5/2023,112,61,8,21,24,6,112
2675,12/6/2023,109,62,16,33,24,11,109
2676,12/7/2023,119,75,16,41,24,9,119
2677,12/8/2023,133,80,11,34,24,9,133
2678,12/9/2023,141,59,9,23,24,7,141
2679,12/10/2023,79,74,7,31,25,11,79
2680,12/11/2023,88,80,6,32,25,13,88
2681,12/12/2023,102,61,11,28,23,8,102
2682,12/13/2023,79,63,8,25,23,7,79
2683,12/14/2023,87,62,7,27,23,8,87
2684,12/15/2023,75,62,6,21,23,6,75
2685,12/16/2023,73,33,9,16,22,4,73
2686,12/17/2023,45,58,7,18,23,5,58
2687,12/18/2023,113,34,9,12,23,3,113
2688,12/19/2023,57,34,13,15,23,4,57
2689,12/20/2023,57,53,15,24,23,7,57
2690,12/21/2023,100,57,21,24,23,6,100
2691,12/22/2023,98,66,25,31,23,8,98
2692,12/23/2023,134,72,23,17,23,4,134
2693,12/24/2023,157,40,19,24,16,14,157
2694,12/26/2023,78,40,5,38,25,9,78
2695,12/27/2023,78,40,31,37,25,9,78
2696,12/28/2023,78,104,22,38,25,10,104
2697,12/29/2023,182,107,12,31,24,9,182
2698,12/30/2023,192,71,7,30,24,8,192
2699,12/31/2023,118,81,16,32,24,8,118
2700,1/1/2024,140,65,13,27,24,8,140
2701,1/2/2024,98,52,11,21,23,7,98
2702,1/3/2024,70,64,7,31,25,10,70
2703,1/4/2024,122,80,12,34,24,10,122
2704,1/5/2024,152,66,14,28,24,8,152
2705,1/6/2024,106,64,14,27,23,7,106
2706,1/7/2024,95,64,13,23,23,7,95
2707,1/8/2024,90,62,9,25,23,8,90
2708,1/9/2024,82,55,6,22,23,9,82
2709,1/10/2024,83,29,5,16,23,7,83
2710,1/11/2024,51,16,5,15,15,7,51
2711,1/12/2024,31,44,5,19,8,9,44
2712,1/13/2024,82,62,7,22,8,9,82
2713,1/14/2024,116,67,6,26,8,10,116
2714,1/15/2024,108,68,7,31,8,10,108
2715,1/16/2024,100,64,5,27,9,10,100
2716,1/17/2024,112,48,13,19,12,14,112
2717,1/23/2024,95,40,9,15,7,5,95
2718,1/24/2024,69,49,12,15,7,5,69
2719,1/25/2024,90,54,10,14,7,4,90
2720,1/26/2024,116,46,8,13,8,5,116
2721,1/27/2024,112,40,11,12,8,4,112
2722,1/28/2024,89,50,10,18,8,7,89
2723,1/29/2024,117,68,6,24,8,10,117
2724,1/30/2024,160,79,6,25,8,13,160
2725,1/31/2024,175,84,6,26,8,13,175
2726,2/1/2024,170,83,10,23,8,11,170
2727,2/2/2024,145,50,6,18,8,6,145
2728,2/3/2024,64,45,8,16,7,5,64
2729,2/4/2024,60,49,7,15,7,5,60
2730,2/5/2024,66,54,6,9,7,8,66
2731,2/6/2024,79,48,5,1,8,6,79
2732,2/7/2024,76,28,10,1,12,4,76
2733,2/8/2024,59,34,17,1,7,4,59
2734,2/9/2024,65,58,18,5,7,4,65
2735,2/10/2024,142,42,16,9,7,5,142
2736,2/11/2024,91,54,16,11,7,4,91
2737,2/12/2024,113,43,13,6,7,2,113
2738,2/13/2024,63,43,13,6,7,3,63
2739,2/14/2024,59,57,9,7,7,7,59
2740,2/15/2024,82,63,10,6,8,7,82
2741,2/16/2024,118,54,11,4,8,5,118
2742,2/17/2024,89,48,8,4,7,4,89
2743,2/18/2024,68,49,6,4,7,6,68
2744,2/19/2024,57,52,6,3,7,5,57
2745,2/20/2024,75,56,7,4,7,6,75
2746,2/21/2024,78,55,6,4,7,8,78
2747,2/22/2024,70,52,6,3,7,7,70
2748,2/23/2024,96,17,5,2,8,4,96
2749,2/24/2024,38,22,5,2,8,4,38
2750,2/25/2024,38,34,5,3,8,5,38
2751,2/26/2024,62,26,6,3,8,4,62
2752,2/27/2024,47,43,5,3,8,6,47
2753,2/28/2024,86,29,9,2,8,4,86
2754,2/29/2024,55,27,11,3,8,5,55
2755,3/1/2024,46,42,12,3,8,6,46
2756,3/2/2024,84,58,10,3,8,5,84
2757,3/3/2024,127,70,7,3,8,12,127
2758,3/4/2024,145,111,16,3,8,12,145
2759,3/5/2024,197,93,14,2,8,9,197
2760,3/6/2024,167,73,11,2,7,8,167
2761,3/7/2024,131,86,7,1,8,10,131
2762,3/8/2024,170,77,7,1,8,7,170
2763,3/9/2024,154,41,6,1,8,6,154
2764,3/10/2024,65,45,10,1,9,9,65
2765,3/11/2024,74,78,10,1,8,9,78
2766,3/12/2024,148,66,9,1,8,9,148
2767,3/13/2024,118,44,7,1,8,9,118
2768,3/14/2024,83,62,5,1,8,11,83
2769,3/15/2024,109,58,9,1,8,7,109
2770,3/16/2024,73,57,8,1,8,6,73
2771,3/17/2024,80,53,10,1,7,8,80
2772,3/18/2024,68,43,15,1,7,5,68
2773,3/19/2024,65,58,8,1,8,10,65
2774,3/20/2024,88,78,14,1,8,9,88
2775,3/21/2024,130,72,13,1,8,8,130
2776,3/22/2024,112,56,9,1,8,5,112
2777,3/23/2024,76,54,11,1,7,6,76
2778,3/24/2024,72,53,11,1,7,7,72
2779,3/25/2024,73,48,13,19,12,14,73
